ntoskrnlVersion,PspCreateProcessNotifyRoutineOffset,PspCreateThreadNotifyRoutineOffset,PspLoadImageNotifyRoutineOffset,_PS_PROTECTIONOffset,EtwThreatIntProvRegHandleOffset,EtwRegEntry_GuidEntryOffset,EtwGuidEntry_ProviderEnableInfoOffset,PsProcessType,PsThreadType,CallbackList
3a7bbe1c5fe0cd115ede21a01341f9e2be30b4bdf81feb89e982de5630ce883f,cec620,cec420,cec220,87a,c19818,20,60,cfc410,cfc440,c8
e8e6040640c9dddc8feeb0a9310bab92e7e422ef469beabdd8b5bb63b7a9dad0,cec2a0,cec0a0,cec4a0,87a,c19e08,20,60,cfc410,cfc440,c8
53acadfdf4ec1bc0621fbf16f3a717c3423af3f5fe277bf52babb4fc91696e41,4da9f0,4dabf0,4da7f0,6ca,40b5d8,20,50,5432d0,5432f8,c8
9c4a699872215f77484bd037724599bbd0f00d38b7750433edd3b591576050ec,cec0e0,cec4e0,cec2e0,87a,c19e28,20,60,cfc410,cfc440,c8
eace65a06bab6b67461ed29783cde9367c3ddd2a31b2594c59d22d77460d4f4b,cec0a0,cec4a0,cec2a0,87a,c19e28,20,60,cfc410,cfc440,c8
147901e279255564c99d1e1ce845794a7b175aee8a60027df77fbc8e667759b6,cec120,cec520,cec320,87a,c19e50,20,60,cfc410,cfc440,c8
57a0ff848e21e3c79525cfed69141455680f5fe06b46c086775b50da0ca582a5,35d2e0,35d0e0,35cee0,6aa,0,20,50,3c51e8,3c5200,c8
d8b4d4793a5ee815b0f2c7c08049b7b0db2396f117fb17c505bae44ae3ea19bd,35c3e0,35c1e0,35bfe0,6aa,0,20,50,3c41e8,3c4200,c8
e7566f5b71c876ff742f1f9733208d44fd66085ca62a478b32057a4d3bc2e20c,35c3e0,35c1e0,35bfe0,6aa,0,20,50,3c41e8,3c4200,c8
1c965f05106e4d612e3b89512bb47259a3f08d0f20672b416ee2ece1a1ac17cf,35c420,35c220,35c020,6aa,0,20,50,3c41e8,3c4200,c8
9ba3491a19385bc6491bea1e0fa0096a2bfdddd6a54cab5882902976039d09a7,35d420,35d220,35d020,6aa,0,20,50,3c51e8,3c5200,c8
01874987b02621824876a41fb3d3646f83ef8b66183b11413aa279da74fd015a,35c420,35c220,35c020,6aa,0,20,50,3c41e8,3c4200,c8
c76a790a9cf0d12fffd63be2ee409892675864ea6a59f2b8774e4db04e889bca,35c3e0,35c1e0,35bfe0,6aa,0,20,50,3c41e8,3c4200,c8
c05aa83503d1bd327757f2eabcd5053ef3aaef0790e2efde8a1cd73b162f5f3f,366520,366320,366120,6b2,0,20,50,3cd1e8,3cd200,c8
00e307fb1cda321169bc4fd242be74d2b02419ecc74d16babb38d0c7fa950c35,366520,366320,366120,6b2,0,20,50,3cd1e8,3cd200,c8
a987e4f7f3814ff1d3a668ac34ff9ae0a00f834935f528f0e14fe1eb0191c9b8,366520,366320,366120,6b2,0,20,50,3cd1e8,3cd200,c8
ccb09ea4e78cbece0249bbe6b903f15d0d8ddfd8870bdf32999614e676146789,3664e0,3662e0,3660e0,6b2,0,20,50,3cd228,3cd240,c8
8a6adbdb70d6346125a0672d538af18edc28e65b2500fdd688069b92e29eab2c,366520,366320,366120,6b2,0,20,50,3cd1e8,3cd200,c8
69ec331011ef7230860c4425153c9fdaa05ab1b5eb91256987e2871b6db162a9,35c3e0,35c1e0,35bfe0,6aa,0,20,50,3c41e8,3c4200,c8
7fa7bc673d64d4c686e3928e4b83737eb2ea8fa43dde29f9ef386aa942455260,3644e0,3642e0,3640e0,6b2,0,20,50,3cc228,3cc248,c8
0f70a6839cf60c10d9b91dfd2b607183985c87c5c56277fe5c98406978e54e02,3694e0,3692e0,3690e0,6b2,0,20,50,3d0228,3d0248,c8
2083680a0a725ec1428663c63646042174454fc519836a5509dc1bb28df32d9a,3694e0,3692e0,3690e0,6b2,0,20,50,3d0228,3d0248,c8
003419aebe2778285d7d5fa59858477684332eeeb7baf4857262a1ed2a608971,3644e0,3642e0,3640e0,6b2,0,20,50,3cc228,3cc248,c8
84231ea0ac9b1986b007d803646d1ee506f6d0b92cc5b7450174eaf2faa84cfe,369520,369320,369120,6b2,0,20,50,3d0228,3d0248,c8
6a8ea0b0d312a917681f83e17397c1b066dbf31a500a4456f5efc596feeb37b2,369520,369320,369120,6b2,0,20,50,3d0228,3d0248,c8
71a677b73bc80b21f62126289b96a072a22e95b9f00a54574e1402bffaef5221,35c3e0,35c1e0,35bfe0,6aa,0,20,50,3c41e8,3c4200,c8
058c6f6d386a62a8c43674b3b4404823d8de625633a4c94788b4f687f5921e0d,369520,369320,369120,6b2,0,20,50,3d0228,3d0248,c8
beb1968ad3f6ca9ba0f17ebb41bb0d1b61c86d57500201764f989e4013101aa2,369520,369320,369120,6b2,0,20,50,3d0228,3d0248,c8
6160d119b941ae1a40914a04a1779f2e9403898d5d59bd26869770d3085b7de2,369520,369320,369120,6b2,0,20,50,3d0228,3d0248,c8
53db89d3958c3670829d9e8402e225c5953659ec98fe52582a7d52c0d33d7960,369520,369320,369120,6b2,0,20,50,3d0228,3d0248,c8
05d09fe212851483ebbe209f4f58280bef98e3c5740f2be8f748e20d34d6b5da,367520,367320,367120,6b2,0,20,50,3cd228,3cd248,c8
d506aa98b1e4d2977347713c9e9a267add14bde23226c70c5a1369b1736f8dc4,367520,367320,367120,6b2,0,20,50,3cd228,3cd248,c8
621d7bcbba953345394192422c8787c28bdca9fbaf21f4ddfb9aeebb9f24618f,369520,369320,369120,6b2,0,20,50,3d0228,3d0248,c8
a6ed17499a24f0247236eae157f9bfbfeadd1c158957c62a2bcdd7e7d94a3f34,3684e0,3682e0,3680e0,6b2,0,20,50,3ce228,3ce248,c8
12103c0877a8153f4a7b49433684a4b6db44c72e26e66d9e327942d4df1570ce,3684e0,3682e0,3680e0,6b2,0,20,50,3ce228,3ce248,c8
108a305775bbe37a19c88676bb3259e63d3e9523285e75bbcdab8d4ab79dd317,3684e0,3682e0,3680e0,6b2,0,20,50,3ce228,3ce248,c8
6eec93c5809b4f9958350c4ae16d1235f6aee650659e10bb43d40019f3648c89,3684e0,3682e0,3680e0,6b2,0,20,50,3ce228,3ce248,c8
959017719df099cfd1f98582e33b68810803df6e0480bbabb41fe25e396bd0d7,367560,367360,367160,6b2,0,20,50,3cd228,3cd248,c8
4a59283cc75b6f740556ebf3823dc00e2b98575d5007d94bb44db159ede8b1f7,367560,367360,367160,6b2,0,20,50,3cd228,3cd248,c8
59a5ea630fa4c822df813b07d1e4bd057e0c789bb8c9fe1321245ecaf3006685,367560,367360,367160,6b2,0,20,50,3cd228,3cd248,c8
6da55e214ca4c675f13bb33ffe92bf4af6b46f88a4bc9abe2c62134129d55aa7,367560,367360,367160,6b2,0,20,50,3cd228,3cd248,c8
811a3e69c9e7e0087d465f2ef1703c58fa0d94ffa7f55db00d675c1d85a10ef6,367560,367360,367160,6b2,0,20,50,3cd228,3cd248,c8
3c51eeb02f987e700d7ba7778b9d8e94e7963235831250c26cc6b0c7524c15b4,3684e0,3682e0,3680e0,6b2,0,20,50,3ce228,3ce248,c8
6d15a6a3b9d9a4a5be31d560e6a517aca5efe0340cc6df0e222827221e838eb1,3694e0,3692e0,3690e0,6b2,0,20,50,3cf228,3cf248,c8
ee6cec733c6cbb461556306dfd15a2383bfecf95a54790f98755a1f9b7b1eb10,3664e0,3662e0,3660e0,6b2,0,20,50,3cc228,3cc248,c8
0f39d3bf0251e3dbfc8a7b1ddfbd7bd4ba08acbe0b89cf12a8bc04b9b7174670,3664e0,3662e0,3660e0,6b2,0,20,50,3cc228,3cc248,c8
bbbb647ad2f73cb0e968597e527e6334a8ee4c53e9845ca941bbbccc7d113699,317180,316f80,316d80,6b2,0,20,50,37f228,37f248,c8
ffe2882bf8de3c256a43c8d34ad44712e38b2ca1f86c17f0bcdaa92148bec240,3161c0,315fc0,315dc0,6b2,0,20,50,37e228,37e248,c8
3f68dffc9cb3b3af698be66f412f9a360ed13045b48ad4ac8d14965c9d074022,3161c0,315fc0,315dc0,6b2,0,20,50,37e228,37e248,c8
3d6b6c9dc7229dd56b2e3ee93e66b60dbf1a9db1e73acc36a5c47b5b0d4077e1,3161c0,315fc0,315dc0,6b2,0,20,50,37e228,37e248,c8
3f68e6909da1a0b80b6e73bc60340d7f10446f0bdeb30dd9e27510eac34a1849,31a2c0,31a0c0,319ec0,6ba,0,20,50,382228,382248,c8
7944a6b142a11f787276f9c4d7c96a6de411f9727ea8cd34e3165bf3efcc29e5,31a2c0,31a0c0,319ec0,6ba,0,20,50,382228,382248,c8
b59339803bc68ba5a22687dad8e8594309d09f07213bcbd671486b0bd6270fca,31a300,31a100,319f00,6ba,0,20,50,382228,382248,c8
6a000942b9d09673544df95f051b973f7bdfe46f7ae985d06b47f2aa4c923739,335860,335660,335460,6c2,0,20,50,3a1210,3a1230,c8
d442c083201de639258c3dfe3010675a864106f997174f3c4386c848633ed074,3348a0,3346a0,3344a0,6c2,0,20,50,3a0210,3a0230,c8
b20380ac4478b5c53d1222e01d18d518751fbac92e6d563cc7b358713a3723c7,3348a0,3346a0,3344a0,6c2,0,20,50,3a0210,3a0230,c8
e40105f832b2cd401d0d21afadf76df437b569f0461b94166454cd8949dc1676,366520,366320,366120,6b2,0,20,50,3cc228,3cc248,c8
1eb8ef201c2666e64c5b3b12885d0c1df9f71d87612cbaa40fdeb364ba71397e,3348a0,3346a0,3344a0,6c2,0,20,50,3a0210,3a0230,c8
4619c46b4a2b92d68bbd891441fb51fe23f010da38e143061f5b56f35faeb7cc,33ea20,33e820,33e620,6ca,0,20,50,3ab210,3ab230,c8
5af28ef158dc54b7f1ccbed8fb681ca5477c2ee81a585a8459bb22883760f594,33ea20,33e820,33e620,6ca,0,20,50,3ab210,3ab230,c8
dbf56c146cf3cda988d314aa5d3a8848afcf205bf20e2bdf54d4eb65f2e1537a,3664e0,3662e0,3660e0,6b2,0,20,50,3cc228,3cc248,c8
33c15ad678543c9cebdd7e2049d90da20fe354a9d5d9037da2b0f2af734d6403,31a2c0,31a0c0,319ec0,6ba,0,20,50,382228,382248,c8
dc7c834054d80629c1f643599914c3824b05d933b50087cd82d26b5f844158c5,33bba0,33b9a0,33b7a0,6c2,0,20,50,3a8210,3a8230,c8
6ec2fa6a0ff893056be981bef2d7a7f64920c19174eb35e60dac12123d42cd1a,33da60,33d860,33d660,6ca,0,20,50,3aa250,3aa270,c8
fc2fdf4ff38e5492654172f26cdc890864f87787283e8e03b0e5950c9231c1fa,33ca20,33c820,33c620,6ca,0,20,50,3a9250,3a9278,c8
99a3682ad2c26c1106d9777ff5db945fd7aa72fa4842ec8b4b4e748e0af52274,33bb60,33b960,33b760,6ca,0,20,50,3a8250,3a8278,c8
872baef44d370d7ed3b69126eba06fcb93b0681804ba948ead512863d067ee9b,33da60,33d860,33d660,6ca,0,20,50,3aa250,3aa270,c8
f43e0a2d7a32938147402c1849e28f949c8db6b9de02fd9e6fe9856efdbf3de9,33ca20,33c820,33c620,6ca,0,20,50,3a9250,3a9278,c8
d3643254cb4439a6ab3343397b404d2f1c36a1ef6c037ecb931feefab4b35799,338b60,338960,338760,6ca,0,20,50,3a5250,3a5278,c8
c291b716e5599a61aa2a55022c6d05b0f7984fad6d7ef900421cbc181f5b6e9a,3348a0,3346a0,3344a0,6c2,0,20,50,3a0210,3a0230,c8
c9e95694f241ae65074625dcdb44bc39d08ee528fb5fbf5034341f8e13563172,338b20,338920,338720,6ca,0,20,50,3a5250,3a5278,c8
b36486cd18adad1bc13af9a643184a55e0d9119e67eb6b7e1557d2b10499bf71,338b20,338920,338720,6ca,0,20,50,3a5250,3a5278,c8
e7b697b76807d1a9f6b3e9ad0e61b277699e15beef6b7ff34eb29a19c18450ef,338b20,338920,338720,6ca,0,20,50,3a5250,3a5278,c8
02229a8360e1ad2d5169992a3e7f6b270fec10aeacc0f34dc616d99d04c43dfe,338b20,338920,338720,6ca,0,20,50,3a5250,3a5278,c8
15265f4b8c503b643f76f93ba4da38659ea9eb44b2f88a8025cdc2418e63cfbd,338be0,3389e0,3387e0,6ca,0,20,50,3a5250,3a5278,c8
f9ec80e2bf499c06127cda3ce0cd8e5aaf2b86691402b1016365929b563ef051,338be0,3389e0,3387e0,6ca,0,20,50,3a5250,3a5278,c8
084a7d7f054142016836acfc9a69ce9efe107d78642806a82f0b8ce1f7ce76cc,338be0,3389e0,3387e0,6ca,0,20,50,3a5250,3a5278,c8
e29c7371f649e3e7a7eb57dd89bde3dea022f0d70c4e20d4eb8ec34654a9dee2,338b20,338920,338720,6ca,0,20,50,3a5250,3a5278,c8
badcddd79ea0e91b43e492dd391125184edd53cb6c9b3f6c6f0826e18c8a7891,339a20,339820,339620,6ca,0,20,50,3a6250,3a6278,c8
bd19877d53bacbe544d5d625aafdbfbf8dd6d67efd7d180b78048dedc00c7deb,339a20,339820,339620,6ca,0,20,50,3a6250,3a6278,c8
b0ea4ddb4d78996bc5ff3ec8ffc06c6f228be335b1dc971dad3d45ea541f5883,339a20,339820,339620,6ca,0,20,50,3a6250,3a6278,c8
01acf405a67a0f39440452c9edf52948f4610a5d84a304d50ed2eba3f0289b4a,339a20,339820,339620,6ca,0,20,50,3a6250,3a6278,c8
d8025e2722c2e5f6501bcdb70a1b1f97626d277c5b1a08aa688cd7c1d5b2ccf8,338b20,338920,338720,6ca,0,20,50,3a5250,3a5278,c8
2ad264672f4462e7f8fd0e9cfa3430c63eda2102af7387a00b296b1c475833f7,339a20,339820,339620,6ca,0,20,50,3a6250,3a6278,c8
093b432bb0691edc66430145d59b7d6c1ca69587d8d54bf5eeb21dda8fd5a54a,338b20,338920,338720,6ca,0,20,50,3a5250,3a5278,c8
aa8b78f25f77e2905c29b03d75759c44497fb1234cb675ae0aa818daf4784a62,339a60,339860,339660,6ca,0,20,50,3a6250,3a6278,c8
2ec2a321f7021c9b4baeb53f63eea52b9c29fe87045939cb01f7f383ab853650,339a60,339860,339660,6ca,0,20,50,3a6250,3a6278,c8
961e2ba4756c8c977b420de48743d6bf120dd98ad69c2c13afcf3a07a05943ca,339a60,339860,339660,6ca,0,20,50,3a6250,3a6278,c8
d391a9a805ad9d7fac28e6bd1ee05da39605bc0de0130c5f3155a88834d0b1b0,339a60,339860,339660,6ca,0,20,50,3a6250,3a6278,c8
fb891bd5e4c6563b73d90aaec56eefff7170d048bb591b79b9cad84da8dcc10e,339a60,339860,339660,6ca,0,20,50,3a6250,3a6278,c8
dc880ca431d38b9edd33c10f9f7d008b9dc24be024b4e23c25f230ac21648ca3,33ae60,33ac60,33aa60,6ca,0,20,50,3a7250,3a7278,c8
85070dc0305e8455d5518a49cbfabe935cffddfb34f94702b3030bdf9dcc582e,339a60,339860,339660,6ca,0,20,50,3a6250,3a6278,c8
57795824662ecd7cef29ddfb7f3c0d210506dbe204db59f474ab007e9e64c9c8,33aee0,33ace0,33aae0,6ca,0,20,50,3a7250,3a7278,c8
f285b37d58dae3feb8643d649770f9b8b5af43067f3cf61d2177f1bf1b9f1335,33aee0,33ace0,33aae0,6ca,0,20,50,3a7250,3a7278,c8
f1d57c540a6414ad7530b2e7b3c340928f6c63ea61231e5add2296ff00c20df6,33aee0,33ace0,33aae0,6ca,0,20,50,3a7250,3a7278,c8
1deac109cbb2de37d69e606cc8e46eedf3c1e6aea3cb6032d581048a2e232191,33aee0,33ace0,33aae0,6ca,0,20,50,3a7250,3a7278,c8
fba7c3b05e4ff2512a50741c2ba9e594d7d32fe73ca01cd095f4d37f4fc388d8,33aee0,33ace0,33aae0,6ca,0,20,50,3a7250,3a7278,c8
78d9d880a785261dc2e18c42bae58ed9b7734e49da5508bc59c58af30a380939,33aee0,33ace0,33aae0,6ca,0,20,50,3a7250,3a7278,c8
3e6bc795489d1fb7ff24de1890ceabdd38fd50bf2128566e8b871cf8a1c9fbd2,33aee0,33ace0,33aae0,6ca,0,20,50,3a7250,3a7278,c8
7e50d19b89b4b29259625b58f5eb4696b37eef69820c2227ab2a19457187f836,33aee0,33ace0,33aae0,6ca,0,20,50,3a7250,3a7278,c8
304b5dcfcbd784ff0e7d71e94a33d4e8619cfbaed076bfc325e9c0eafb3fc4ed,33aee0,33ace0,33aae0,6ca,0,20,50,3a7250,3a7278,c8
05c25bed8a84ef27abce25bae29b2a10b8c2af84902bae08019fa87e4447208b,33aee0,33ace0,33aae0,6ca,0,20,50,3a7250,3a7278,c8
a60f463897b50da89df46124b5234dd49e42b47f2982aa8d7c6d81f73a57d711,33ae60,33ac60,33aa60,6ca,0,20,50,3a7250,3a7278,c8
e36292576e411c2ebe1a940be2e4def0c25f8c451e0cd6e4b372436a156e1fb0,33aee0,33ace0,33aae0,6ca,0,20,50,3a7250,3a7278,c8
0716429c2eb7526bd96b0a6224a859db4e6eef9254510bc75ea02b4bee7121f5,33aee0,33ace0,33aae0,6ca,0,20,50,3a7250,3a7278,c8
eb8e4e7dc016848ddf025aee06ee2d82240e07794697de66f76a50723382e8e7,33aee0,33ace0,33aae0,6ca,0,20,50,3a7250,3a7278,c8
9e30e6bbb7d1e58f398b3e64256230b39ddfcdcd047016d8f559dbdf988923e0,33aee0,33ace0,33aae0,6ca,0,20,50,3a7250,3a7278,c8
5fadcc2d2c8f90727ef686f6418f470957c0a82ff2ca57d2d4610d45445fd8b4,33aee0,33ace0,33aae0,6ca,0,20,50,3a7250,3a7278,c8
a370b2f2d46af560c24b3f7fe170d6efca8cf94b06f89185b3aff61e77e591a6,33aee0,33ace0,33aae0,6ca,0,20,50,3a7250,3a7278,c8
50e80686b4eb9e6a587c02f1ffaf0f7073b2b2b5165dcd0dbcf0b0427904f8e3,33aee0,33ace0,33aae0,6ca,0,20,50,3a7250,3a7278,c8
2d12817c19b08e835192614863e95b2d9b5adfb3307d28faf8b0ee42c6198057,33aee0,33ace0,33aae0,6ca,0,20,50,3a7250,3a7278,c8
7cb9156e52b1c1c1391db3baa6850778609ea6c74f63d1a6e017e3ed92d4f3fc,33aee0,33ace0,33aae0,6ca,0,20,50,3a7250,3a7278,c8
69fe243046d5417d7ecdf04cf73f089937c243aec24238cef3890b63219f3032,33ae60,33ac60,33aa60,6ca,0,20,50,3a7250,3a7278,c8
170d9100f8f8b0d793c8e0530e396d3e2e83aa56cac0e4c89eee93e6526871ed,33ae60,33ac60,33aa60,6ca,0,20,50,3a7250,3a7278,c8
875d16c6eac066a553598f24cd9e4a96df4bbc2c1f1020f091b21714d0cdd800,33aee0,33ace0,33aae0,6ca,0,20,50,3a7250,3a7278,c8
2e6b1225b59c35f7ce3b597f2f1bbfd3fa18a821c9f4f3fbf6f8149dc5811b90,33aee0,33ace0,33aae0,6ca,0,20,50,3a7250,3a7278,c8
25907704155a98c9e5a1def1303ece6af1a06637f4751b53238445609cc4cb2e,33ae60,33ac60,33aa60,6ca,0,20,50,3a7250,3a7278,c8
67d5473491a59286794f1eaad658886d3142b13e21bdec97dd052b5b7d109300,339e60,339c60,339a60,6ca,0,20,50,3a6250,3a6278,c8
924141156dec9770b4bd29dff6facf33b7d2cbe9ed39bdb43f1b1f18177021fc,339e60,339c60,339a60,6ca,0,20,50,3a6250,3a6278,c8
38f21b0035f64dcd357369f0f5b7e86df9ce647e5324cac2299b62fe71af585b,339e60,339c60,339a60,6ca,0,20,50,3a6250,3a6278,c8
02144498ea8f8da7a443f8c514945b2b9d9c8cf13ed12867cbaeaa1939141e4b,33ade0,33abe0,33a9e0,6ca,0,20,50,3a7250,3a7278,c8
2834cac27c2f4d630381731e610058e24a5c3999f5c56ccda246a431eee604d1,339e60,339c60,339a60,6ca,0,20,50,3a6250,3a6278,c8
d7c3c658b5f23b8a260471eca703003c69bda3ba245a56553669c41c505ca71c,33ade0,33abe0,33a9e0,6ca,0,20,50,3a7250,3a7278,c8
fab5414b91053288e26cb21153e21f27918ef687b91f4afd5aabeef54c9aa1ea,33ae60,33ac60,33aa60,6ca,0,20,50,3a7250,3a7278,c8
e0f291b588c78441db21e8395b58c0c1cd284d83a5650cae85c789b80b467639,33ae60,33ac60,33aa60,6ca,0,20,50,3a7250,3a7278,c8
699bfb4ccd1e46a1b70d1fa8b9c110546659facdd6edc71b0271b0cfa6822c2f,33ae60,33ac60,33aa60,6ca,0,20,50,3a7250,3a7278,c8
a46e420bc6b96f2ac217a0d591a8e5109b3d6ceac9fe454a45a02bbd64278ddc,33ade0,33abe0,33a9e0,6ca,0,20,50,3a7250,3a7278,c8
88ac1a9ca4640c04b3fd4e2bc95f870282db4e6d08c750d66da78ffc1fabc6c2,33aea0,33aca0,33aaa0,6ca,0,20,50,3a7258,3a7278,c8
286180b6de41e400a7acff2897cd44540210c77d23f3a0c5eb4b28efcbb6e2d2,33ae60,33ac60,33aa60,6ca,0,20,50,3a7258,3a7278,c8
62fb3fb4b285d26fa0c19ee0f755d416ee7cd58211668e5a7026b6a60540e30b,33ae60,33ac60,33aa60,6ca,0,20,50,3a7258,3a7278,c8
7d70960b6751244be0e5f203d7c342c078fe5cfbab3b8dd794af51fe99a5411e,33dde0,33dbe0,33d9e0,6ca,0,20,50,3aa250,3aa278,c8
e14f559795c782f269ca151529a15ec2fd2cad8fd6d7ae4fa9248ee83dc6282c,33dee0,33dce0,33dae0,6ca,0,20,50,3aa250,3aa278,c8
5e17eb940d57280fe7a62d25d4db6a5e406a4d610dba7f15bc8be7f839e6b2bd,33cea0,33cca0,33caa0,6ca,0,20,50,3a9250,3a9278,c8
4cf14412ce57dab7509e0154d457a0db9649040f924f28fa48469bb43e12824d,33ae60,33ac60,33aa60,6ca,0,20,50,3a7258,3a7278,c8
3bcfa88e468620c18ea255fe299346a53c1a76d15e9c1195c672c241ad78a862,33ae60,33ac60,33aa60,6ca,0,20,50,3a7250,3a7278,c8
804cd2a5bb767a3b4cbd3926532a4685038fbf739a59abd895b7c5e6524cf3ce,33cde0,33cbe0,33c9e0,6ca,0,20,50,3a9250,3a9278,c8
82a9178ebd9bd725936064b03e63e23dcc0c24ff052556aa0179a66c1cda7cdb,33cee0,33cce0,33cae0,6ca,0,20,50,3a9250,3a9278,c8
debde59612e02a9a72f599ad02e2e9b95a24d743b357a340dbc2fad810f3dd70,33cee0,33cce0,33cae0,6ca,0,20,50,3a9250,3a9278,c8
ccf3561323372a1b38b0b8a53c851c9da07205698b9ea34f0c51534653687ab5,33ae60,33ac60,33aa60,6ca,0,20,50,3a7258,3a7278,c8
1a30518ce61100331cad5944ad2892227c275615f89b7286c7ca0d2c719d9d49,33bca0,33baa0,33b8a0,6c2,0,20,50,3a8210,3a8230,c8
8373267ef4dceb7999ccfa9c3c47e75c2623f5aa16a5e46baf2a394faaf5d77f,382290,382090,381e90,6ca,341ea8,20,50,3e1f98,3e1fb0,c8
02dc548918fc66c71d5a614f7a9753ce92db74465af2ef16ef0ac5d612e567aa,335860,335660,335460,6c2,0,20,50,3a1210,3a1230,c8
639a6aca46260807c0e64dcd7eee171ff786112377916fe911d9645b85413026,389550,389350,389150,6ca,348fa8,20,50,3e7f98,3e7fb0,c8
df6c5f2feb93ec2d91c99a3611b867c9181e452a54cf4fec8325d694b2256597,3894d0,3892d0,3890d0,6ca,348fb8,20,50,3e7f98,3e7fb0,c8
fa08fd873ea2b27f27dac54a25820c020b051ce0c51da3661940c5ac859ca512,387510,387310,387110,6ca,346f68,20,50,3e5f98,3e5fb8,c8
6bd3acb607fe6a089b0efdcf15a05b3f5d2e345a4756e8ccf47ce38ec29ab40d,335860,335660,335460,6c2,0,20,50,3a1210,3a1230,c8
d05e1aba666e94745735994c29807529e0a3f4b4e783e09d78ae5f5e29744ec5,384410,384210,384010,6ca,343f48,20,50,3e2f98,3e2fb8,c8
e84aeba723b998124d6c658d70c864d1a8dd360d871d55938f33bad44dd9be41,387510,387310,387110,6ca,346f68,20,50,3e5f98,3e5fb8,c8
88b873c50cd843972b22c549bbaa5c02e8c68b00c7e14697cfa9eb0c4de0c49f,385490,385290,385090,6ca,344f98,20,50,3e3f98,3e3fb8,c8
6d729cdf7520abbcdc16ddbee560141842844df52b53f361c7ec32f10e6561b3,385490,385290,385090,6ca,344f98,20,50,3e3f98,3e3fb8,c8
1c07f40aae1b358a3bbde05564a0504c38b235afd7319e76ced7c2036bccd671,385490,385290,385090,6ca,344fa8,20,50,3e3f98,3e3fb8,c8
94931c74684246956dfc999a52e5749234f72df7fbf27a26b740375891dca8f1,385450,385250,385050,6ca,344f68,20,50,3e3f98,3e3fb8,c8
1042efa409247ba0d8814589c12fa0c82f5aa085a3733e1bda49bdcee33609f1,385450,385250,385050,6ca,344f68,20,50,3e3f98,3e3fb8,c8
f7bb4ef046560a3e41fc87beeed7f2b9e241b4145985a14238880cf88a6fd94f,385490,385290,385090,6ca,344f88,20,50,3e3f98,3e3fb8,c8
f4c682ed08d371c0cf2411f43023f005222ea5c344e03fd713c9895a05d8985f,385450,385250,385050,6ca,344f68,20,50,3e3f98,3e3fb8,c8
b035ff64ee023a4e1d2f1db163bb044f3904f8c2371e08958011d7b89355eaeb,3854d0,3852d0,3850d0,6ca,344fd8,20,50,3e3f98,3e3fb8,c8
552ea892cc511aafd5010ee546a905a8c2fc726fbcf237fc933604bfb9e3d3ff,3853d0,3851d0,384fd0,6ca,344e78,20,50,3e3f98,3e3fb8,c8
d9f1bdc0d8e4a5ccc2f97c7889cf1bd67db8a1a995d7f801e49353545e6e8478,385450,385250,385050,6ca,344e48,20,50,3e3f98,3e3fb8,c8
452edbfcb32eae969595233e6509e8cba2428cc39eaa2b65d9bf787968f641ac,3854d0,3852d0,3850d0,6ca,344fd8,20,50,3e3f98,3e3fb8,c8
44de018ab02a7e3f74c397d6a8d06dc96e60c2bf8999f69b94f784bddaf488d5,385450,385250,385050,6ca,344e48,20,50,3e3f98,3e3fb8,c8
fc859fabda7455b5057721a9872e77d348520a9693e3164b2826c026aff55f35,382290,382090,381e90,6ca,341ea8,20,50,3e1f98,3e1fb0,c8
76131ca378bd54a7abcf634053448f16a539847f7c08473f29e85cec48e346d4,385450,385250,385050,6ca,344e48,20,50,3e3f98,3e3fb8,c8
6ba9cfe52a79243dbd48052f10bbf3e6bd2510842242e8836dcc6f71cb4fd6d5,385350,385150,384f50,6ca,344e48,20,50,3e3f98,3e3fb8,c8
5f8e9122d62f69b94195ca3ee530ea43a7715ad198b5da0ea10dbe299fc744ec,385410,385210,385010,6ca,344e68,20,50,3e3f98,3e3fb8,c8
260d154c73aaea881e82d97213646ab4d9d9d701ee64102d01e31aabe7dccb2e,385350,385150,384f50,6ca,344e48,20,50,3e3f98,3e3fb8,c8
5f55c8971930bf49ef5f526b1e5631eb79729c8b0dfd42eaca92a1cdfb9e50f7,3853d0,3851d0,384fd0,6ca,344e48,20,50,3e3f98,3e3fb8,c8
54c6488a59d80ed86a39221bc6292943dd0a00987971d9d1487e28c0dc79d324,3822d0,3820d0,381ed0,6ca,341e88,20,50,3e1f98,3e1fb0,c8
3fd464b08e01baf92e91b17d4003d638f5ff52b8d9be5fe6db7277c9c616e8ca,382290,382090,381e90,6ca,341ea8,20,50,3e1f98,3e1fb0,c8
eb902d1053fc8e3027d20d922b7298b0411fb38fbab0b88c41b903bd1252d9b9,385450,385250,385050,6ca,344f68,20,50,3e3f98,3e3fb8,c8
d6988ef6e59c5591ba398a654cc12b6d23f29fb5adfd0843a6ab45ed3ab12c51,382310,382110,381f10,6ca,341ec8,20,50,3e1f98,3e1fb0,c8
75dd92b43aca815a3ca529d3e5d98806ecc4135f472170966578498ac90fe341,389510,389310,389110,6ca,348fa8,20,50,3e7f98,3e7fb0,c8
92c0d1c12af845f23829e945a6e7d892c004ca820eefcef2042e1ecf137c62a1,389450,389250,389050,6ca,348fb8,20,50,3e7f98,3e7fb0,c8
df2a304465698667e0a41d0d34f0e4b66ad4a7bc77c8c1db47c8efd29d7bd74d,389550,389350,389150,6ca,348fa8,20,50,3e7f98,3e7fb0,c8
da1169b3bf03b1d29940522c9b19733507e1d1046ccbc7c55c1dbcd4f17a67e2,3822d0,3820d0,381ed0,6ca,341e88,20,50,3e1f98,3e1fb0,c8
39859f82e5ed111e8ea7b8da953b6630b0884096e38d4eeec36940a2cff0f036,39fec0,3a00c0,39fcc0,6ca,35dac0,20,50,4000d0,4000f8,c8
8cddafa8ee910df60b6829fbc4c74d7f803bf028c8ec20550ef8daa75a211fc8,39ff00,3a0100,39fd00,6ca,35dac0,20,50,4000d0,4000f8,c8
b250926be003294b87342449a24d1a9c48396aa87f2879882313726b1d04eb24,39ff00,3a0100,39fd00,6ca,35dac0,20,50,4000d0,4000f8,c8
21c3c485a8903ad0b92a0d48781971077f1d883b32cd1b4a9082f831a0644fe9,39ff00,3a0100,39fd00,6ca,35dac0,20,50,4000d0,4000f8,c8
3be061247feac2020232b5e0c804f832cc514066e68746b7585f8622903508f8,385350,385150,384f50,6ca,344e48,20,50,3e3f98,3e3fb8,c8
7fa25cf925a035e5b07757f2040345894e80e140ec5b3808c73107e8d89f6c1a,3a0d00,3a0f00,3a0b00,6ca,35e8a0,20,50,4000d0,4000f8,c8
bbe69026396d7714fe2e2657c32cb1a793e0c901b3b2b9ccf171732ff5e75571,3a0d00,3a0f00,3a0b00,6ca,35e8a0,20,50,4000d0,4000f8,c8
8afc023e59fb6ee3ed4c2d94c6a716fe932f840b126081dca47269c13b07a811,398a80,398c80,398e80,6ca,356980,20,50,3f90d0,3f90f0,c8
bec8e41b2aec1fc1a690a3fc3f76a7bb8bf9398b142b4692132985467eb35811,3a1000,3a0c00,3a0e00,6ca,35e968,20,50,4010d0,4010f8,c8
fafd639e5dc57fd3dd1b44f9b946d532fbce24a30e55f9ffcecce86c34e2f887,3a1000,3a0c00,3a0e00,6ca,35e968,20,50,4010d0,4010f8,c8
aede9e9b30ec3dbac382084e97384fdbac17b6a4bc29ae6cfa428a32e8383986,3a1000,3a0c00,3a0e00,6ca,35e968,20,50,4010d0,4010f8,c8
3abf3d3c98cec461d106efba4d8771c1615d4933e75823c6d75963b6f14deddf,3a0fc0,3a0bc0,3a0dc0,6ca,35e988,20,50,4010d0,4010f8,c8
e1a241546d77632473f12959d50f67d9bac3be1e3f9f39573e4bad6c08391d4c,3a0cc0,3a0ec0,3a0ac0,6ca,35e8c0,20,50,4000d0,4000f8,c8
354d036c5e536559017b866d87cfe70d7634e0ddce8106cbab5b6562189448c0,3a1040,3a0c40,3a0e40,6ca,35e988,20,50,4010d0,4010f8,c8
bc774b9be684e49720ce97731085f8e776bebb1f259a4b32c4a6ef2bdaaec3b2,3a1040,3a0c40,3a0e40,6ca,35e988,20,50,4010d0,4010f8,c8
fdf3472d58ddb404e91ced547ca96f872a8cd719db6ab5e00ef7715dff113cf6,398c80,398e80,398a80,6ca,356908,20,50,3f90d0,3f90f0,c8
67851ff29c13d51ea3e216874c4a8350b0889b4bb12bf8a0ba490aaa538daa3c,3a0cc0,3a0ec0,3a0ac0,6ca,35e8c0,20,50,4000d0,4000f8,c8
3f4594b484a9c998c5ce73a07a42275dad8558f2e21482b455d12f5e3d0c893b,3a1100,3a0d00,3a0f00,6ca,35e988,20,50,4010d0,4010f8,c8
e145a5485742b00e8d363ab6983516de8d4fa373aeeb6587d4046736acc97aba,3a0cc0,3a0ec0,3a0ac0,6ca,35e8c0,20,50,4000d0,4000f8,c8
b2ae87c21b1753eb31a8f5dde8aa0eb08240c8dbe7078ff977d99a606382be17,39dd40,39df40,39db40,6ca,35b980,20,50,3fd0d0,3fd0f0,c8
8e9d6338373d05158a5a48ddcd6518cdb1ff9a918185f265231cc1ecf14f0fb1,39e100,39dd00,39df00,6ca,35bac8,20,50,3fe0d0,3fe0f0,c8
ec0e1627b79097f8ac95056eeff4579a4b5502bf94562cb9127a1116ebbdf37c,39ddc0,39dfc0,39dbc0,6ca,35b980,20,50,3fe0d0,3fe0f0,c8
3ec2bc808186b99f030ac777c974a6f4e49f168365d711b307d2e43893528dc9,39e100,39dd00,39df00,6ca,35bac8,20,50,3fe0d0,3fe0f0,c8
21aaf1aabe51a50a915ea7fc8a4a78b7ca53615022bb2dfdf9454b7162883512,3a1100,3a0d00,3a0f00,6ca,35e988,20,50,4010d0,4010f8,c8
79ac396dfeb1bfa56fc4fc301ad398a5ce425a05e74514ac8da391f1d3e46535,398c80,398e80,398a80,6ca,3568e8,20,50,3f90d0,3f90f0,c8
f696af250062293e36c4b722819fc6604a46f8ef8604536110fa13f5ccaa4446,39e0c0,39dcc0,39dec0,6ca,35bae8,20,50,3fe0d0,3fe0f0,c8
a4a49039f99541ca4eed231fbd977cfd616f2ad42944a25eebe162e0f0b7d8f4,39ce40,39d040,39cc40,6ca,35aa00,20,50,3fd0d0,3fd0f0,c8
ffc11bd8a27adf3ef6cb05f1e2ef8dafb791f9628e84041c09a997ce783189b9,39ce00,39d000,39cc00,6ca,35aa00,20,50,3fd0d0,3fd0f0,c8
96c7da0db759710829035892579db38a9a4d1f9b93cc2bc13b330ab64e20b292,39d080,39cc80,39ce80,6ca,35aa88,20,50,3fd0d0,3fd0f0,c8
d822f4e0a4b7285252c47324a6d74a9897647f9ffa5cf3a94a95fb7a6dc742d9,39b080,39ac80,39ae80,6ca,358aa8,20,50,3fb0d0,3fb0f8,c8
65f27739d3c74ab8ae9afa5fc8c04955c38341f89e087b93e314519fb3c133ab,39e0c0,39dcc0,39dec0,6ca,35bac8,20,50,3fe0d0,3fe0f0,c8
84ddc7cb9d0d6288ad850f74240c7c9444a18fc43679ee468298fcbcf341e916,39d0c0,39ccc0,39cec0,6ca,35aaa8,20,50,3fd0d0,3fd0f0,c8
33c23bcd806a9b39cfbfa1cf5d58c06c97a84e059dc472f8065e02bbe80c3c56,3a2f00,3a3100,3a2d00,6ca,360ac0,20,50,4030d0,4030f8,c8
7af28054a17e99d2463a8cc7bd0b5dd8dcb25885097ebcb9836cd46e3d9188d7,3a2f00,3a3100,3a2d00,6ca,360ac0,20,50,4030d0,4030f8,c8
98416fd4f126ce442ea5424bc50d0dcac16354cb3a068194e352ba7c0adf93c6,39fe00,3a0000,39fc00,6ca,35d9e0,20,50,4000d0,4000f8,c8
ecff4ea6ef291b4c116fec893fc86a727aaf1eded46631b24d7432d6aecae4ce,39fe00,3a0000,39fc00,6ca,35d9e0,20,50,4000d0,4000f8,c8
83c269780adf9ce69e9b19f18ca0086a1f531aff318ba2b80cd9eb2f24e3701a,3a2f00,3a3100,3a2d00,6ca,360ac0,20,50,4030d0,4030f8,c8
6759b26962c0e183350b3c3ed5068cf4e98b0d55b72845ba5f36af8abc53debc,398c40,398e40,398a40,6ca,3568e8,20,50,3f90d0,3f90f0,c8
7250055b58e84dfeb15f3e758720271cd0b7719970d3257771ec276495756e8a,3a2f00,3a3100,3a2d00,6ca,360ac0,20,50,4030d0,4030f8,c8
21cf49b24f30967a68db77c9127f210c698a2372579a03721dfecd3672c4fa9e,39fe80,3a0080,39fc80,6ca,35dac0,20,50,4000d0,4000f8,c8
fb60eb6a1d18038dc2f8a8302ddd0d262fa6f636bfe769468c51392018ff013d,39fe80,3a0080,39fc80,6ca,35dac0,20,50,4000d0,4000f8,c8
8d3717edffe39b80791887475d283406412f26a5d6d98845d8f0bf5792efede6,39fec0,3a00c0,39fcc0,6ca,35dac0,20,50,4000d0,4000f8,c8
06e71080f3c9327e2237fd7532c57d0c24565ab47b8f3e87d3b09dffc5cabe1d,3a0080,39fc80,39fe80,6ca,35da88,20,50,4000d0,4000f8,c8
a222955cf73752d9e4309c4042e4868b89b01442ef68fe09ef1cf4f4e04e40ad,39fdc0,39ffc0,39fbc0,6ca,35da00,20,50,4000d0,4000f8,c8
f07343f17a6731f7daa43e43f2e46e15362c02a352d2b37c7fb0cde417c4d6d3,39fec0,3a00c0,39fcc0,6ca,35dac0,20,50,4000d0,4000f8,c8
b55abf153f1ba2444a079db8d1ab149912b79101e66a7add84fd01b42b927fcb,39fec0,3a00c0,39fcc0,6ca,35dac0,20,50,4000d0,4000f8,c8
f10f23af979a51a8d0b5f47a6b8ad69954d9f3dcba9b59d04e570b4f0f535975,39fec0,3a00c0,39fcc0,6ca,35dac0,20,50,4000d0,4000f8,c8
664a8b86220047f1c116caf329e5f033b35af4a6cb8d33cafe30826a877ed93a,39fdc0,39ffc0,39fbc0,6ca,35da00,20,50,4000d0,4000f8,c8
804e60c6dfa0591037b73cfacf7e2cd8eedfffa047ceffc050181289195fd352,3f4ef0,3f50f0,3f4cf0,6ca,3b2120,20,50,45e250,45e270,c8
7a392b508cebf8ac89a682a698bb2f3ffa1c8915257c33ea4642737b50047a2f,3e4ef0,3e4af0,3e4cf0,6ca,3a1fc8,20,50,44d250,44d278,c8
9db0cd9344e37fda65cbf79c6f3a561b3ee7e98f86f5d8e57e67140ea35f6c57,3e4f70,3e4b70,3e4d70,6ca,3a1fb0,20,50,44d250,44d278,c8
1dcacf3d0dc60e36ce946cdb511454c9e51805b462f1f1f26fec963ab10c9fff,3e4db0,3e4fb0,3e4bb0,6ca,3a1fe0,20,50,44d250,44d278,c8
a125ccfbda53eeb7489da3d765b15f93fff5c593c24638ebd3756d1708952119,3f1e30,3f2030,3f1c30,6ca,3af088,20,50,45b250,45b278,c8
ddb2aea21d4becd2212cea1a34e5c39e64e72de0f885f372b33f135f40505f3f,3e4fb0,3e4bb0,3e4db0,6ca,3a1fb0,20,50,44d250,44d278,c8
268349d9a9baa96c1abeca9051ff6a2564ea1d9b463518826f60282a3746cf33,39fec0,3a00c0,39fcc0,6ca,35dac0,20,50,4000d0,4000f8,c8
0119be9b80a3577ad42e2dc7e7c4de65768031f3636854453e9a66633de9f5d8,3e4fb0,3e4bb0,3e4db0,6ca,3a1fb0,20,50,44d250,44d278,c8
73bd0b0dc7579f779106c5ec2df3fc4fac5f0ba84a4c0c1d8097a53c390611b1,3e4fb0,3e4bb0,3e4db0,6ca,3a1fb0,20,50,44d250,44d278,c8
c20147cfdaacbbbe9cc376e535e9e42b26f0fadc43ab80f0dc8744d771bbdaf8,3e4db0,3e4fb0,3e4bb0,6ca,3a1fe0,20,50,44d250,44d278,c8
980466323694296bff7d307a1efd76a95c6bffa9a810efb867d5eb4a1d989a20,3e4ef0,3e4af0,3e4cf0,6ca,3a1fe8,20,50,44d250,44d278,c8
63b29abff0a2a15df5c2e96b0410c90324f10097f925d34b3a423dc9c2e8a0ec,3e4e30,3e5030,3e4c30,6ca,3a2000,20,50,44d250,44d278,c8
27b758cb3056a3d48c032aae175ed83013ee0a2b3c35a0fd0587ecc4ab1ec586,3f1e30,3f2030,3f1c30,6ca,3af088,20,50,45b250,45b278,c8
5c029ea25e8ea528287466fd87f35b202b7f6b5f6d0ef1829537293eb8ce0496,398ec0,398ac0,398cc0,6ca,356980,20,50,3f90d0,3f90f0,c8
697288c69ffebc666a2756679eb90ac4e65c937e56d377fec8e422f4b4ac4397,3e4f70,3e4b70,3e4d70,6ca,3a1fb0,20,50,44d250,44d278,c8
f3b4b308c5668e456202682c406473db3972a2700a028461d0696e8d323f6616,3e4db0,3e4fb0,3e4bb0,6ca,3a1fe0,20,50,44c250,44c278,c8
54bd8f06d52630fc92f3bb3f66eb23fde78876b1707d080e0beff01ded8cbc60,3f1e30,3f2030,3f1c30,6ca,3af088,20,50,45b250,45b278,c8
266e970bf7a040e241241307dbaef00cba940e5b39fe7acf78ffe518c91e7253,3e4ff0,3e4bf0,3e4df0,6ca,3a1f88,20,50,44c250,44c278,c8
effb9360a7aa713efa90642ce51487ba19a4765bbe1e1211074a29d29abb73bc,3e4db0,3e4fb0,3e4bb0,6ca,3a1fe0,20,50,44c250,44c278,c8
dfb01ead9171fda6dc452b83c268140c289dba5443cd31283d3c13593fdc0bc1,3e4ff0,3e4bf0,3e4df0,6ca,3a1f88,20,50,44c250,44c278,c8
7d0cfc8c6b227d9a43613fcf113311cea72df5417ce33c912f4f743ce05f2974,3e4f70,3e4b70,3e4d70,6ca,3a1fd0,20,50,44c250,44c278,c8
1ef4818439719542d852c53c0f62bd5727b55ec55bb0a98d86b5cd96e7acbffe,3e4f70,3e4b70,3e4d70,6ca,3a1fd0,20,50,44c250,44c278,c8
9d58caeb0ece63dd4e2ad9acb4ebdde0259684965d321ad14a58e9e7c46e7c63,3e4f70,3e4b70,3e4d70,6ca,3a1fd0,20,50,44c250,44c278,c8
45ddcba4097101656654f7a551ac80a1c358d2281343af5a9dd9e87a10bb3caf,3e4f70,3e4b70,3e4d70,6ca,3a1fd0,20,50,44c250,44c278,c8
d4fb496174626474c648be0d885705f01aa36b56ab7a68e8848a65fdf5d34c95,3f2e30,3f3030,3f2c30,6ca,3b0088,20,50,45c250,45c278,c8
5b63ed4dc76f5a1389230f046aa640b3e489e2b1880879c8eaed03b2f8b50c20,3e4e30,3e5030,3e4c30,6ca,3a2000,20,50,44d250,44d278,c8
7401bc709070a594cfd3712703e828ee28d088be5b6521eb51f1901ef0ff023e,3e4db0,3e4fb0,3e4bb0,6ca,3a1fe0,20,50,44c250,44c278,c8
568685baf05810eeb658660077db0ea5e48e893d4a3350d8fcd99029597cd4ea,3f1e30,3f2030,3f1c30,6ca,3af088,20,50,45b250,45b278,c8
44b4ed38258580f0b5db439efb4f4dda362965c4049ec83be855a174a087cf11,3e4f70,3e4b70,3e4d70,6ca,3a1f88,20,50,44c250,44c278,c8
8d48df695910146d9b9769d914795304848b16c867a74bfecdba0e74ff908053,3e6030,3e5c30,3e5e30,6ca,3a3100,20,50,44e250,44e278,c8
8211c4a409ac6cf3e6b3a8cba5377240db2cf137bac366dd071a9e77c8bbd7a4,3e6030,3e5c30,3e5e30,6ca,3a3100,20,50,44e250,44e278,c8
35d1b62cd5ec36b486780d18cf82aab013d1008d44dac25fa1ba7f742a27faba,3e4f70,3e4b70,3e4d70,6ca,3a1fd0,20,50,44c250,44c278,c8
7ce13da56a554a9e5bbe25f4d908b563a6783601681ecbe8d245a2bfb8d5caf2,3e4f70,3e4b70,3e4d70,6ca,3a1f88,20,50,44c250,44c278,c8
f62a20d5205461e3c58d8bc541139923139adc0b91852c9a3ceec2021290ad5d,3e5ff0,3e5bf0,3e5df0,6ca,3a3108,20,50,44e250,44e278,c8
379dae76df0d79c020ef367866e7d6140c780017777c69c54da5ce17cb232c6d,3e5eb0,3e60b0,3e5cb0,6ca,3a3160,20,50,44e250,44e278,c8
c26629ace83554dfbf1e24655014e9a1f6fc5566522ff2470e9881b2a2cb39d7,3e5f30,3e5b30,3e5d30,6ca,3a3108,20,50,44e250,44e278,c8
2c2e7a02263bd6bf19fd0af9aec2b2c0df4ab95856c23fcb3e805391f0fc0835,3e4f70,3e4b70,3e4d70,6ca,3a1fd0,20,50,44c250,44c278,c8
cf8545c9967273f1948bb0b22f33ed0dec6f7678e8b58a02aaca6deb683b3bc1,3e5eb0,3e60b0,3e5cb0,6ca,3a3120,20,50,44e250,44e278,c8
c334559619b77a07eb906856460e071298a240677d24c5152a4822a0b5f41601,3e5fb0,3e5bb0,3e5db0,6ca,3a3108,20,50,44e250,44e278,c8
1d28e407390ae8fa4d4c444af1f57cd529ad03f223e8cc3e7bd4c96608ed6758,3e5ff0,3e5bf0,3e5df0,6ca,3a3108,20,50,44e250,44e278,c8
ddb99ede515366fcca09671dc77024c4686b3f008ad4d5a29cc6a7ad75f4c67f,3f5030,3f4c30,3f4e30,6ca,3b20e8,20,50,45e250,45e270,c8
665b90ee0f42be85f2915c14cc0035deb017603b6414379f74342bcaf074592a,3e5fb0,3e5bb0,3e5db0,6ca,3a3108,20,50,44e250,44e278,c8
70c976e4a26b345789e58afaed0061087a73fd2168f2fb9fe4a899867513821e,3e5fb0,3e5bb0,3e5db0,6ca,3a3108,20,50,44e250,44e278,c8
73d848099f6aeaa4f871b725b23d77e69120f3533ca4a10164fc3437fae2c0cc,3e4eb0,3e50b0,3e4cb0,6ca,3a2160,20,50,44d250,44d278,c8
8fbfc2d45a3a858e3689a35b9885c3f46fc582295aa336692456ae873bab76f1,3e5fb0,3e5bb0,3e5db0,6ca,3a3108,20,50,44e250,44e278,c8
d01687941d7978f9a59da89f608c6458c47e2d4056ceb6b9e04fc82205c02e0a,3e5fb0,3e5bb0,3e5db0,6ca,3a3108,20,50,44e250,44e278,c8
9961401ac4aeb775d6a27cf91f8e5024f1995689f3fabd10299b48d86c800a3d,3e5fb0,3e5bb0,3e5db0,6ca,3a3108,20,50,44e250,44e278,c8
dc4b9988f4e9e4faf12ec071f0f76d1d420f5def81a4ff4f0d9be8e306116a8f,3e4eb0,3e50b0,3e4cb0,6ca,3a2160,20,50,44d250,44d278,c8
36eb58651caa7ee90e0c858c8b6d5ca212c6c0e4f2bbcc9b28fda043365cde0d,3e5fb0,3e5bb0,3e5db0,6ca,3a3108,20,50,44e250,44e278,c8
a80e3f214f1b8b0bca3e711225c92b09b5fbf0f22989b61c34d9f84b2b2baa2b,3e4ef0,3e4af0,3e4cf0,6ca,3a1f48,20,50,44d250,44d278,c8
c732b1dd3480285b6666641bc417a0c897884331229f47b055b79a9e42df4282,3e5fb0,3e5bb0,3e5db0,6ca,3a3108,20,50,44e250,44e278,c8
706d41e581adf86a635d34a865fc2c23fa1a5e86e165eb5ce447260ccef336a6,3e4f30,3e4b30,3e4d30,6ca,3a1f68,20,50,44d250,44d278,c8
247f0844087b3fba3c1eea50ecc493a44d75dc186f2b8d4dc6a347756bd4dadf,3f4f30,3f5130,3f4d30,6ca,3b2120,20,50,45e250,45e270,c8
f2dc5612d9011b07359990b2a1f5a30950dd465536c61a0c829f28dc5c6debb0,3f4f30,3f5130,3f4d30,6ca,3b2120,20,50,45e250,45e270,c8
29bd2921929950594272195ad684891681068bbf0839751c203720fe98920213,3e4f30,3e4b30,3e4d30,6ca,3a1f68,20,50,44d250,44d278,c8
43548ee2726041423012c9b6fcd24bb1fdef63aef4b7c5bb4e5138f4c0aad1c5,3e4f30,3e4b30,3e4d30,6ca,3a1fd0,20,50,44d250,44d278,c8
d9e278492d8bfcf8261917cdffa7f3f286ded9ebd33a67a44d3fe962e7bac33b,3e4d70,3e4f70,3e4b70,6ca,3a1fa8,20,50,44d250,44d278,c8
24d70a614e98a3ae5f925efbcdf2c191dc4eff2930d2e8704eeb7ed4716a0b5d,3e4eb0,3e50b0,3e4cb0,6ca,3a2160,20,50,44d250,44d278,c8
53fb8d84be97fb15199c8492e91bce3e352d1dd716a4cc26cb0b6b67b46214f8,3e4ef0,3e4af0,3e4cf0,6ca,3a1f48,20,50,44d250,44d278,c8
003fed1a0afb68d76e055342c0eb9042ff22570f254d7b1b7d9e485f9925ad64,3e4f30,3e4b30,3e4d30,6ca,3a1f68,20,50,44d250,44d278,c8
1388f5d64cff1defb2ec2ee7fce97c5b07004cf938048977b2cef2fd6f24ed75,3e4d70,3e4f70,3e4b70,6ca,3a1fa8,20,50,44d250,44d278,c8
1bb29ea42923e145d74a74c802a46f5debcfcba218166e75503cf0f041760acb,45c4b0,45c0b0,45c2b0,6ca,40f038,20,50,4c52d0,4c52f8,c8
8fbadd436e9748b5f99fc3cf818f04bef3345f4740492d2aadc6d653544da638,3e4f30,3e4b30,3e4d30,6ca,3a1f68,20,50,44d250,44d278,c8
2f52fd0d97276c0e5f3ea3ec8b04397aced579537c4942baf81c29212dad6ced,4d8c30,4d8830,4d8a30,6ca,4096a0,20,50,5412d0,5412f8,c8
3e9b2530465a99c54b94d490d159a9cc5d594b68c1f9cceb16193bd7879950a2,4d8b30,4d8d30,4d8930,6ca,409698,20,50,5412d0,5412f8,c8
79fcd9ef2646be98bc12b8b745f832b82fd49ca0a849912e9110c743c246896c,45c430,45c030,45c230,6ca,40f018,20,50,4c52d0,4c52f8,c8
1aa7263f714cc0af3dcdde4f6d020edda1aee6884a7972c7bb89d604fb5744e3,4d9d30,4d9930,4d9b30,6ca,40a650,20,60,5422d0,5422f8,c8
2690a8500d412290b7a1e4c2d7196afd2286998ac778cc6f14d1f3afc12a6160,4d9d30,4d9930,4d9b30,6ca,40a670,20,60,5422d0,5422f8,c8
0bc59cb3470418fc4b5c23984efab96da211ab6eccc3de215bba0b5a72a3496f,4d9af0,4d9cf0,4d98f0,6ca,40a678,20,60,5422d0,5422f8,c8
4e49d272dd93658c73fc9cb6a5f23f47959b7910ab5217f4380e52b6895f0f5d,4d9af0,4d9cf0,4d98f0,6ca,40a678,20,60,5422d0,5422f8,c8
cbaef69876f0405d06a9584b3355fc3b48161c96e6bb8836279427a53d38f908,4d9d30,4d9930,4d9b30,6ca,40a670,20,60,5422d0,5422f8,c8
afe37a783586e5983a9b7bfd13a4512725f7522b540c821aab290ff30a566ade,4d9d30,4d9930,4d9b30,6ca,40a670,20,60,5422d0,5422f8,c8
388a84c81ccbd2a5d708e6e9d9aca974d07ce8bcea7375c05054201141629a29,4d9d70,4d9970,4d9b70,6ca,40a6b0,20,60,5422d0,5422f8,c8
2e0c0e7c3741b99354742ab11e7879ba8a51be9a59f071e46b8c149b61f5d1ac,4d9d70,4d9970,4d9b70,6ca,40a6b0,20,60,5422d0,5422f8,c8
fbebb420fce2056e992e97b396dbfd11d856c61003619a8b68cfdc330f94012b,4d9bf0,4d97f0,4d99f0,6ca,40a6c0,20,60,5422d0,5422f8,c8
f7db939c2dcf6fdbaf9ef93f80a39a92ad5d088dcd0b9db1f812c12cace4bf84,45c430,45c030,45c230,6ca,40efd8,20,50,4c52d0,4c52f8,c8
4dd05bc3c68aa760cf99a7d432d079e69875b8d39b65aba732426498f006115d,4d7b30,4d7d30,4d7930,6ca,408698,20,60,5402d0,5402f8,c8
7d3f4daa73c5c56fd303f9d82a2c97b16ba8b7c2ddc6689e3f5e9f78c92c80b9,4d9d70,4d9970,4d9b70,6ca,40a6b0,20,60,5422d0,5422f8,c8
a1cd4bc88718bee6c288341463c12e457cf319aa23b91c7d3b5069996cfd6f67,4d7b30,4d7d30,4d7930,6ca,408698,20,60,5402d0,5402f8,c8
0d72b46a5b1bc55bb7fbe916f3eb2db5b0e9d75e07f1b8fc3774976695d93327,4d9d70,4d9970,4d9b70,6ca,40a6b0,20,60,5422d0,5422f8,c8
e314cac88e0360f539904134d055b170d45102a7a582f30eb8d835c47271b77d,4d5b70,4d5d70,4d5970,6ca,4066d8,20,60,53e2d0,53e2f8,c8
0e039c3bbd86d31ceb8f3fd2046134d067ee41ebd974597e59f6518b4d9b60b7,4d5b30,4d5d30,4d5930,6ca,406698,20,60,53e2d0,53e2f8,c8
e75a7a8e32a2ba8bb718c39ab5ed38288c6aa9e900ef6f6c93071e8be6afe13a,4d5cf0,4d58f0,4d5af0,6ca,406630,20,60,53e2d0,53e2f8,c8
462f55dc08df450d62a25224ce5e76e857e60d30e17d4972ed8b0cc6adf65e1a,4d5cf0,4d58f0,4d5af0,6ca,406630,20,60,53e2d0,53e2f8,c8
3935e753a151f4e7618891dc58de6d284b7a37418117f2218a4fad1b27927a05,4dad70,4da970,4dab70,6ca,40b078,20,50,5442d0,5442f8,c8
fb8a84c1d37f14db4d8e8ba17461b38bd51e57c06fe70a225356310ad1d03eb5,4d5cf0,4d58f0,4d5af0,6ca,406630,20,60,53e2d0,53e2f8,c8
4636fbd0d14be6f99248748f2efc6ca1ce159fb8a867ac2644399fd7d5a1cf83,4d5cf0,4d58f0,4d5af0,6ca,406630,20,60,53e2d0,53e2f8,c8
94718578d564f74e9322a034c461b7b54ba5bdc855073a7f0479c81876ea452b,4d5cf0,4d58f0,4d5af0,6ca,406630,20,60,53e2d0,53e2f8,c8
54c10ea5e7675d3cee8966798b7e69e6e44783c8f28f3a42d838d1cdcd16066f,4d5b70,4d5d70,4d5970,6ca,4066d8,20,60,53e2d0,53e2f8,c8
48ad0a9846f406f3252657c8778cfc5fa2e049bd23bf5ec82187600929e27fdf,4d5b70,4d5d70,4d5970,6ca,4066d8,20,60,53e2d0,53e2f8,c8
a2953426fb1ad82c8827ebe90c688bc2406a9332b56aff5d766492dd181a18ba,4d5b70,4d5d70,4d5970,6ca,4066d8,20,60,53e2d0,53e2f8,c8
c0c04057d288872c12097e1abe9c4ad32ceeb2d7445fd8ec0ec53e3fbf20e3c1,4d5b70,4d5d70,4d5970,6ca,4066d8,20,60,53e2d0,53e2f8,c8
eb5060daf7879b50ded8b3a24b54c0d4edf965b7652f57f13688710ab97dbec9,4d5bf0,4d57f0,4d59f0,6ca,4066c0,20,60,53e2d0,53e2f8,c8
e2f1857de3560a5237ca7ea661fc3688715bbbf6baa483511d49baac4ce1acf9,4d5bf0,4d57f0,4d59f0,6ca,4066c0,20,60,53e2d0,53e2f8,c8
8a077ac2937baa9882a003b435fa2574a630e9aff0d9a32d89ebdae3d4930ece,4d6870,4d6a70,4d6670,6ca,407498,20,60,53f2d0,53f2f8,c8
8db2060a38810355d69f724a0664bc9dbf804867db17bafa18d9818c616a0150,4d5cf0,4d58f0,4d5af0,6ca,406630,20,60,53e2d0,53e2f8,c8
b638f4ce0737945459bf1522eaef0962807605d82095e8721e4fc58233170800,4d6870,4d6a70,4d6670,6ca,407498,20,60,53f2d0,53f2f8,c8
0d737f853fdb6f78c24224216b05a88468eb349eca2b88315387934a6512db30,4d9d70,4d9970,4d9b70,6ca,40a038,20,50,5422d0,5422f8,c8
5e16f9c5146dbab4a6bd0c250e9095ae215d986742f193963c71c9eb640e2e16,4d5b70,4d5d70,4d5970,6ca,4066d8,20,60,53e2d0,53e2f8,c8
6553d0984202d9146c609cf25aba976f5211f5badf1e5147a8bee1d6f13e7d2a,4d9d70,4d9970,4d9b70,6ca,40a038,20,50,5422d0,5422f8,c8
749945259e6273d2a2e934da009057f5d988f619a1aed0ea1b5f8aa0bc0bab17,4d6bb0,4d67b0,4d69b0,6ca,407498,20,60,53f2d0,53f2f8,c8
88cf4f2dcddacc42455c7aba95efdd3f686c23fa82127b4a105b0ba3aa2f8263,4d67b0,4d69b0,4d65b0,6ca,407418,20,60,53f2d0,53f2f8,c8
d2aab7469c92ad2508afe5c6af056861504e8d2c9c56e8ee7e47cfde5c952493,4d67b0,4d69b0,4d65b0,6ca,407418,20,60,53f2d0,53f2f8,c8
0fcca24bc0e7aeaecf9121e1702363152d02918e1c5e7ab9addf2bb8569fa8b1,4d6bb0,4d67b0,4d69b0,6ca,407498,20,60,53f2d0,53f2f8,c8
5787739fc6cf124cb151aa0cd913d9b05caf7745e37d496458007f814fbc874e,4d58f0,4d5af0,4d56f0,6ca,406430,20,60,53e2d0,53e2f8,c8
1c8146c4001acde0194408822f16e64ef976faf28d080328f3b8ae3701f93e19,4d5930,4d5b30,4d5730,6ca,406470,20,60,53e2d0,53e2f8,c8
4fd33cbcd593dd0ebe04ec10d24ad0ebdafa6823bcdb0aa8632a86bf7f26c48d,4d68b0,4d6ab0,4d66b0,6ca,407480,20,60,53f2d0,53f2f8,c8
896dacc858e3eda772dcbb1d8c605c532837d6fb27c73e8e5ab8b0dac4b0c3a8,4d5930,4d5b30,4d5730,6ca,406470,20,60,53e2d0,53e2f8,c8
e060fb528f2c5532f5b0c182620b68ff540f5196a5b2775656c2120a198dd0aa,4d68b0,4d6ab0,4d66b0,6ca,407480,20,60,53f2d0,53f2f8,c8
4fc01f8b79576d681b5df57aa4b15162acd43aac9a987f0f9a0e428f2956716d,4d6b70,4d6770,4d6970,6ca,407438,20,60,53f2d0,53f2f8,c8
4a5753c4446606293269e183dc2682afd22f043fd91b74565cb56e3e4f8e88f2,4d6b70,4d6770,4d6970,6ca,407438,20,60,53f2d0,53f2f8,c8
ec1976b976bc6bd30a66e378e9aa0cdf6bae07344bb5e90dc2b8cac0507ecc63,4d5b70,4d5770,4d5970,6ca,406438,20,60,53e2d0,53e2f8,c8
f0f9ae95425ccfdf2f89059c9d894e4087a2fb5ed1aaa30dfb405b85935a0007,4d5b70,4d5770,4d5970,6ca,406438,20,60,53e2d0,53e2f8,c8
6615f4ae39ae25423ade4e1ec01546a6daef2f9139fafbb1321d374cf3554413,4d5b70,4d5770,4d5970,6ca,406438,20,60,53e2d0,53e2f8,c8
f33ec0c2b089cffd03f11f25fee8db46cac54cac4f5dd3d9ae4bf657620746f1,4d6970,4d6b70,4d6770,6ca,407470,20,60,53f2d0,53f2f8,c8
819e4c3bb269d62de9fee00194b9414b39f336577880adf05ee3ae335375b4b7,4d5b70,4d5770,4d5970,6ca,406438,20,60,53e2d0,53e2f8,c8
d387bfdabeb9b2756beb1e374b158362183bb0ee3f1522d044185bb17d3a6e32,4d6970,4d6b70,4d6770,6ca,407470,20,60,53f2d0,53f2f8,c8
999b11da71e3d7973dcaeaf8961791ad0b82ea0da894753fcb97d858eb29744d,4d5b70,4d5770,4d5970,6ca,406438,20,60,53e2d0,53e2f8,c8
631e567903185c6ac045437f336838fb4d42d5ea2c599554577cef1d0571e97f,4d6970,4d6b70,4d6770,6ca,407470,20,60,53f2d0,53f2f8,c8
8396814c875f40fefacd91654ef6b031171f3c55713f2a08d9da2464354803cb,4d9d70,4d9970,4d9b70,6ca,40a038,20,50,5422d0,5422f8,c8
6acdb597871f5917614a98501dae7adfdaddc44505e92e90ac09f7348632ba07,4d68f0,4d6af0,4d66f0,6ca,407438,20,60,53f2d0,53f2f8,c8
7ff3ab13d439a3874c8a75a95304966672a921be81018d65eb0b56307d879df3,4d6970,4d6b70,4d6770,6ca,407470,20,60,53f2d0,53f2f8,c8
088fbdf5c1653479bad50de2e3c0bc7527a12a8e0db8c7ac4abe42d057767dfc,4d6930,4d6b30,4d6730,6ca,407410,20,60,53f2d0,53f2f8,c8
93ae48b840d77f0918b5f2f1898e4b39ba57a5f3a1e6ae877cf430aa3448dff0,4d6930,4d6b30,4d6730,6ca,407410,20,60,53f2d0,53f2f8,c8
7880a73ca424fecfcdcae9d3587b7b4be2c164395e499a7328935393fca54466,4d6930,4d6b30,4d6730,6ca,407410,20,60,53f2d0,53f2f8,c8
bb4b577e1d421ceb46815d284e7c17460e26707a5a56d913519c394a184434c6,4d6b30,4d6730,4d6930,6ca,407480,20,60,53f2d0,53f2f8,c8
189bbab8021614109c76acf8582236fbf52d9530b0c49b643e82cb3bed65ca40,4d6880,4d6a80,4d6680,6ca,407450,20,60,53f2d0,53f2f8,c8
2c731f2a2257aeaa00444ff8268d75d552d3afddf8a9c8336e0ebb6c3cf8230f,4daaf0,4dacf0,4da8f0,6ca,40b078,20,50,5432d0,5432f8,c8
48ffe97fbac8b13cbc0f8412e06feb93c162906cbd324938fe3b7a6a7fc08633,4d6b30,4d6730,4d6930,6ca,407480,20,60,53f2d0,53f2f8,c8
15e2ac5967294bc45dafddc1103dbd2c7aad9e1fdf4f83f26d247940fb642590,4daaf0,4dacf0,4da8f0,6ca,40b078,20,50,5432d0,5432f8,c8
589ccbb1d24214df47b01eebf20ed944d2b5f03d1074c8a5694f9dc5c7a7b039,4d6840,4d6a40,4d6640,6ca,407430,20,60,53f2d0,53f2f8,c8
8adc4061faa4a3d7f9ba3fcef45b97fa7c2c7f570f2358daa4d7b5ef2167579d,4d6b40,4d6740,4d6940,6ca,407498,20,60,53f2d0,53f2f8,c8
2a063e3b227ae7d0d8891df985bf73400a80f9e3b57a84814f4af002eaff5bfb,4d6b40,4d6740,4d6940,6ca,407498,20,60,53f2d0,53f2f8,c8
842f94031c0e4e2f4d568a13d22c82a238384195e9a294e7587ef2925f8d83ea,4d6a80,4d6680,4d6880,6ca,407458,20,60,53f2d0,53f2f8,c8
6bad21f62ca1a3f48376b959525c5b6814b28a33613fa436a02d8784ff4788a5,4d6940,4d6b40,4d6740,6ca,407450,20,60,53f2d0,53f2f8,c8
72092c8fdb3dba8134fd3bbb51a55b8f949d6292c88d1fb0de04870b1c99d967,4d6940,4d6b40,4d6740,6ca,407450,20,60,53f2d0,53f2f8,c8
78a03a33faaa4c58a40db436fa1fab8815d2303bfc547e3dd3e8c0c9dbc04d16,4d6900,4d6b00,4d6700,6ca,407430,20,60,53f2d0,53f2f8,c8
0cdc74db15c370a53335c0331b49103358b8ea9613db2f29d544230ea2622a06,4d6880,4d6a80,4d6680,6ca,407480,20,60,53f2d0,53f2f8,c8
3f817ab90ea7edf2a50959de00383553e4828d93161ed3df1c472d195ff04e20,4d8a00,4d8600,4d8800,6ca,409418,20,60,5412d0,5412f8,c8
944ec53f47a739e8bd9ebfd86124174b5c993604ff46c4ee612a8ec258b7938f,4d8b00,4d8700,4d8900,6ca,409440,20,60,5412d0,5412f8,c8
b153885e03b98b1f50313bea0189e393f24d4b4516ceb1bad2a57db2daebd381,4d8a00,4d8600,4d8800,6ca,409418,20,60,5412d0,5412f8,c8
db60233b7a7c27e9f9cf414b8c18fb31102e2b33c35fd6a8f4d827d197231fc2,4d8b00,4d8700,4d8900,6ca,409440,20,60,5412d0,5412f8,c8
f73833b2a138b2d9dff3af97f4d3871fb0969200b63e3f70537303eff60ad68b,4dabb0,4da7b0,4da9b0,6ca,40afb8,20,50,5432d0,5432f8,c8
fb8cd14b1428f1977e5f3e02b21f08effe0264988aae12a984c2a8117c3a53ed,4d7980,4d7b80,4d7780,6ca,408458,20,60,53f2d0,53f2f8,c8
d396d792cca27187f2a35e1ddbda82e85cc506476635da8e96f79a68d9754fd1,4d89c0,4d8bc0,4d87c0,6ca,409438,20,60,5402d0,5402f8,c8
dc3e3ad9cb1bc768323e27752738f77bbbad2aa6b1277f56059dc41c611df0b5,4dad70,4da970,4dab70,6ca,40b718,20,50,5432d0,5432f8,c8
0a6a97ce1b5463bc7e3e039bc33137ff2391ef9fdbecbe5508ac82585cc9ca2b,4dabf0,4da7f0,4da9f0,6ca,40aff8,20,50,5432d0,5432f8,c8
49c71e10ade8b6c2442ef422ab544c3559a339c0f382354e2e1399a756c77a5b,4d6b30,4d6730,4d6930,6ca,407480,20,60,53f2d0,53f2f8,c8
4a6c3cc9b076e100cb2c329b44ca6ae8060542689ce77f142bae7d026d1d59fb,4daaf0,4dacf0,4da8f0,6ca,40b730,20,50,5432d0,5432f8,c8
122bcef1935be7ce75910545e92bb5de49963a96c40f2164daebfe5750f3570e,4dad70,4da970,4dab70,6ca,40b718,20,50,5432d0,5432f8,c8
f7d80de3feacd6a97d2644714965a8ec4e0f79788e0868c85b3ad8806ad061e8,4dad70,4da970,4dab70,6ca,40b718,20,50,5432d0,5432f8,c8
3e1a8f3aa9f6e437c3e514485de13a5cb36e45071bba1bfbdee597a608116e60,4da9b0,4dabb0,4da7b0,6ca,40b598,20,50,5432d0,5432f8,c8
33a80c7269b60ea89ab5fe51f931ddfb12b422071a430b2adfdd9f0f42449d22,4da9b0,4dabb0,4da7b0,6ca,40b598,20,50,5432d0,5432f8,c8
d58678644dd4c5dcbef6f34befd76e04bb5d903f9f79eeaf3963d481f7786200,4d8a00,4d8600,4d8800,6ca,409418,20,60,5412d0,5412f8,c8
cd564ccdb1d920cbbb4715e85386fad6f9d670a31f5a78694be5ffb27f108d35,4da9b0,4dabb0,4da7b0,6ca,40b598,20,50,5432d0,5432f8,c8
3d40c4d8bcc60d6c28e952d4443c6314da9da5b148893dffee8a23dbf04ac90f,45c4f0,45c0f0,45c2f0,6ca,40f098,20,50,4c52d0,4c52f8,c8
2d293de6fa934952e4efefe60eb857c7a0df6bb314c743efc8d13187b2d8f09f,4dac70,4da870,4daa70,6ca,40b610,20,50,5432d0,5432f8,c8
3efb409953ab312aaa72b8be1d21c19ff73101c969dc82b8c6d7c97d4362b704,4dabf0,4da7f0,4da9f0,6ca,40b5f0,20,50,5432d0,5432f8,c8
db94f8fe7f01297284e4f4417889c215991da69315ad3874bc581b11cf243508,4dac30,4da830,4daa30,6ca,40b610,20,50,5432d0,5432f8,c8
2c5423ae810e58d725a98cb83193cb9180fecb7509367eaaa08f2fc2d89f551d,4dac70,4da870,4daa70,6ca,40b610,20,50,5432d0,5432f8,c8
af4242878d6d3ca96752aca9b75f1419271382a64bc49999f55689f4718280ce,4daa30,4dac30,4da830,6ca,40b658,20,50,5432d0,5432f8,c8
6d93f48654870abfd0624f7f4b4a02037369fe8e32cab0619a58bc156780c793,4da9b0,4dabb0,4da7b0,6ca,40b598,20,50,5432d0,5432f8,c8
5457613b8eb7763048e4b06065527236ca0412b8e14d1b50e93b4299a88119cc,4dac70,4da870,4daa70,6ca,40b630,20,50,5432d0,5432f8,c8
045b8a5073b8d3e201c2b7b373116a1bebe8f8a34309a6e9fc1765dff9662117,4d8c70,4d8870,4d8a70,6ca,409610,20,50,5412d0,5412f8,c8
7b05e74446d3be3dcf99dc2c1cce07cf54ddce3c1e2b217dcd75549be009c66a,4dacb0,4da8b0,4daab0,6ca,40b6c0,20,50,5432d0,5432f8,c8
18c893161281e9e516597b3567913b5df9a5b4bb9e646b7ea359d057217b915a,4d8b70,4d8d70,4d8970,6ca,409698,20,50,5412d0,5412f8,c8
53acadfdf4ec1bc0621fbf16f3a717c3423af3f5fe277bf52babb4fc91696e41,4da9f0,4dabf0,4da7f0,6ca,40b5d8,20,50,5432d0,5432f8,c8
2a18f232990a56a1482c91c6f31930fd911f85afcad5428d176a4c84aeb0a301,4d8b70,4d8d70,4d8970,6ca,409698,20,50,5412d0,5412f8,c8
c36a8fac48690632731d56747cbbdce2453d3e5303a73896505d495f7678dff0,4d8b70,4d8d70,4d8970,6ca,409698,20,50,5412d0,5412f8,c8
519c3b6c4db7d4d2f64744b8c81353d679835bc3d0f37bbdae3a7dd40882ad44,505fa0,505ba0,505da0,6fa,434bf8,20,60,574390,5743b8,c8
bc9611210344d4a56bd19fdf80dc5ebe0111ffcdc08b2a82c2547a6593fea3f0,503fe0,503be0,503de0,6fa,432c38,20,60,572390,5723b8,c8
1683d43c4dbd089201d31074c18cece3bc3bd534bff8ddf64d64c24c1d246005,503fa0,503ba0,503da0,6fa,432c18,20,60,572390,5723b8,c8
8779dfed3042625a748dc6705edb8c4d65683cdeefbaaae89121d031cb231bf7,503fa0,503ba0,503da0,6fa,432bf8,20,60,572390,5723b8,c8
dbcd8a80f53906780389970772c0b6c094d81c27d23cf934db564e7f3cb57055,500de0,5009e0,500be0,6fa,42fa48,20,50,56f390,56f3b8,c8
99895910cf67bd8a45e34ebabc05bf9f1cbdc4127541f7c68c320a21a7feefe4,5040a0,503ca0,503ea0,6fa,432c98,20,60,572390,5723b8,c8
22f08690a0e352557d1f073fc22bb9070e075c640b242f8007ae1a2098575d3f,5040a0,503ca0,503ea0,6fa,432c90,20,60,572390,5723b8,c8
d46a8ab22bb1267f46907fac4bc633681a52a023dfb7c82e37c53acab72d2160,5040a0,503ca0,503ea0,6fa,432c90,20,60,572390,5723b8,c8
e4acc215a3584deaed9bd5fa6e6a9a5adce56fe21efa149e736424c8e4f77c65,5040a0,503ca0,503ea0,6fa,432c90,20,60,572390,5723b8,c8
b80f408111c090c34be064b29cf00f839a7249eecb84a434b866a8b6d855965b,5040a0,503ca0,503ea0,6fa,432c90,20,60,572390,5723b8,c8
e2f120ca0c36c8b7a5f5dbeda74a822a53de495e29485f8417378ae99e220720,503b60,503d60,503960,6fa,432bf8,20,60,572390,5723b8,c8
cd1d217677273db6877f56188e9314999305266b248440ba7b14887dd1f30dff,503da0,5039a0,503ba0,6fa,432c38,20,60,572390,5723b8,c8
31238fc7235b76b0202e67560e7fc3b12db55d512af3da2f732785da24d85895,503da0,5039a0,503ba0,6fa,432c38,20,60,572390,5723b8,c8
205f4d5b9a68c60f4dc18b80472b7299e2e727d5a52f40072e74f54c6e54bc81,5040a0,503ca0,503ea0,6fa,432c90,20,60,572390,5723b8,c8
4eaa39083c2d1fa4691932186d936f128398b47fdcc5363531476540d760fd07,503de0,5039e0,503be0,6fa,432c38,20,60,572390,5723b8,c8
ae91f8ae236e97cf0c4a54d6e8732e87b76041eecb6f54929ae77dc404a15058,503da0,5039a0,503ba0,6fa,432c38,20,60,572390,5723b8,c8
c17b8e328205cef5c7dae5d23deb93f25e41476846ab58e37d10cffd1df1615b,500de0,5009e0,500be0,6fa,42f9e8,20,50,56f390,56f3b8,c8
224160cf9b03cf728cc6d129064313104215a7090feec24e3514acf0427e9059,503da0,5039a0,503ba0,6fa,432c38,20,60,572390,5723b8,c8
ad852e73217adcdd8b9ae72e29887688a2b9923bc2b2b36a8ee3c2fc8593949d,503ba0,503da0,5039a0,6fa,432c38,20,60,572390,5723b8,c8
0002faa2554ea030e52d775bf348a1776d383a0e7cd3a78aecd769f779668a71,503da0,5039a0,503ba0,6fa,432c38,20,60,572390,5723b8,c8
6e1e3a390cdabe7fc46d6ddbdead7cf5861bf48a0a738f7ecd3ce864f7d37c02,503e20,503a20,503c20,6fa,432c78,20,60,572390,5723b8,c8
c2a8f5cf7b94b6b8fa3e9dde1d765d053500ee7e774517974d661e90d61d03bc,503b60,503d60,503960,6fa,432c18,20,60,572390,5723b8,c8
3b63198ebefd1730f6b13cb8ae0835f6d01af3b06cd5dc8317e79662fc287323,503e20,503a20,503c20,6fa,432c78,20,60,572390,5723b8,c8
c19d63855583899b6e46f4d884c22398549a70da4df08ba33a9231a35397c0be,503e20,503a20,503c20,6fa,432c78,20,60,572390,5723b8,c8
50980e5cafe3ea978d907d278e8d92d914905e5f12717bfd8591d73e733f3b5d,503e20,503a20,503c20,6fa,432c78,20,60,572390,5723b8,c8
3926432d68db7f8b426887471721cb0449615069b7b23142623721b6f9df97c7,503e20,503a20,503c20,6fa,432c78,20,60,572390,5723b8,c8
70990afea2a55c3eb207c1356da5fe09d157ed623b401fbb53dc789855e21d85,503de0,5039e0,503be0,6fa,432c38,20,60,572390,5723b8,c8
8d76c2696fa931f5defde393d4ce441f59bb28d0a59048e737906e3b24664f23,502da0,5029a0,502ba0,6fa,431bf8,20,60,571390,5713b8,c8
92018427e9190890940a33f67354ce8a8d2f6f4f03191a7ca81f8bae34461eaa,503ce0,503ee0,503ae0,6fa,432c38,20,60,572390,5723b8,c8
8fb9651b51329d2a38510a0b092a6fd4a735fe22a958b305af910f0c5195a138,503ba0,503da0,5039a0,6fa,432c58,20,60,572390,5723b8,c8
805ed5232a97dfdfc61a29e59fb8cbbedbe50b142f013e333f1e60da560dbd7b,503ba0,503da0,5039a0,6fa,432c50,20,60,572390,5723b8,c8
59f2ff479b277f5abae48b0dadac7631468e646c8c1224dcaecef66cffac6d56,503de0,5039e0,503be0,6fa,432c38,20,60,572390,5723b8,c8
3cc4f692fccb6a5e95579168a91259ecec3e3d53cbf4b791553ce94888fc9728,503de0,5039e0,503be0,6fa,432c38,20,60,572390,5723b8,c8
9070003a325f389812a6df6a5ae9f99f9ab20a9bb7e04ac43699c6136709b531,500de0,5009e0,500be0,6fa,42fa48,20,50,56f390,56f3b8,c8
fa9f3fd7b32f81f86677b457a0f1019a13d5f0d6de026c31d9d6fd5706b94097,503ba0,503da0,5039a0,6fa,432c50,20,60,572390,5723b8,c8
38d6d1ca3c4132d94b66a29c2e6467a3c75c96276e7a951d0f8660eb627a2727,503de0,5039e0,503be0,6fa,432c38,20,60,572390,5723b8,c8
aa0bddbd4b1eef2b825c9eb603d6584e52d6aa73dbf473cf0765a1c63328be7b,503f60,503b60,503d60,6fa,432c60,20,50,572390,5723b8,c8
96880d2301204dd76b315ab35ae17e962ac20a169870bcdc397a2465c06cfd90,503de0,5039e0,503be0,6fa,432c38,20,60,572390,5723b8,c8
89ac63f78215074b150eab559c179caf656751410ba2bd57e774d90c39d1ece7,500de0,5009e0,500be0,6fa,42fa48,20,50,56f390,56f3b8,c8
a130f992521a45764695256659885dcb80cb53650897c4091fb0a9de909fa0c8,504ee0,5050e0,504ce0,6fa,433c28,20,50,573390,5733b8,c8
3e4bb89d4dcf19cf6bb5c19e8dda22fc186c7c2b71cb2de1b4bcde587bbb3799,503fa0,503ba0,503da0,6fa,432c48,20,50,572390,5723b8,c8
3033be1f35f4bb17ea3049fc4132d30a3fbaa1bfd26b5444313641f1530b2326,500d60,500960,500b60,6fa,42fa40,20,50,56f390,56f3b8,c8
778cee105f540fb8492fa9cdbce66152352bbe56e44dcd302a87ff673322b0e0,505060,504c60,504e60,6fa,433c90,20,50,573390,5733b8,c8
e8cf4beea73f92b74b03dc9ae2ed30d4cc442015cb6da25e66a08936b0479248,505fe0,505be0,505de0,6fa,434c38,20,50,574390,5743b8,c8
321a4952cfec944561ea74d194dc7d9318e340d9c8306aecd57b2886106cff09,505060,504c60,504e60,6fa,433c90,20,50,573390,5733b8,c8
6911ddf4f790fa9612beb297f7d28ece31ec28ebb7d88b8f3ada9b47ba8477be,505fe0,505be0,505de0,6fa,434c38,20,50,574390,5743b8,c8
b918e21e26da09662d8dd323f4cc082b7a9d69395d8d5438e350fd7e25a82a6e,503de0,5039e0,503be0,6fa,432c38,20,60,572390,5723b8,c8
bf8b1023243dd8764d2b71a9156b782b4b84c61509c8d7edceb062ff798715b5,505ee0,5060e0,505ce0,6fa,434c58,20,50,574390,5743b8,c8
ae0e6d2ad70cc4cf9e3c123ec0bfa0be4ffe8366aa3b4854ffe951c59e370176,503de0,5039e0,503be0,6fa,432c38,20,60,572390,5723b8,c8
4d7e4580f44ff5b0268a7d62047c08f6911534bfeec5c6d2a9613eb1b8e10acf,505da0,505fa0,505ba0,6fa,434c58,20,50,574390,5743b8,c8
a7785200f44317f54d1eadfa80de850bcab91ed4fba84b0fe511458e85b8ed8e,506060,505c60,505e60,6fa,434c78,20,50,574390,5743b8,c8
47e07ac729750d74342bc5d89e9747eea1dbd7e63f54cd6a16ae7e9c473cd14d,506020,505c20,505e20,6fa,434c78,20,50,574390,5743b8,c8
2ea1e2a2945fc4808b9fef1701bcfb5430bd1d7ccc9b9321986b12f807b53c37,506060,505c60,505e60,6fa,434c80,20,50,574390,5743b8,c8
2ce2012049c77c514643eadd328d0bb326d328c970e1699ff4e39e2e362c17f3,506060,505c60,505e60,6fa,434c78,20,50,574390,5743b8,c8
c16e8e0df58046b44c5150f6fe1177e4d469155b32349b078adfa7df4c7e1ef6,505e60,506060,505c60,6fa,434c78,20,50,574390,5743b8,c8
83fe49d0e84a8383f5dd4255ce0d2678edce0bea2c9f49f3afe1f766800d52b4,505e20,506020,505c20,6fa,434c78,20,60,574390,5743b8,c8
9aa29a8443f614db45a5ac56ef20ae86dece59cb20ca911f9d6b1de4f409ca8e,505de0,505fe0,505be0,6fa,434c38,20,60,574390,5743b8,c8
063da2583a7c24b35fbdeffc1fb2c5fda8163c237fb4d994b15f0b369ca2f863,505ea0,5060a0,505ca0,6fa,434c58,20,60,574390,5743b8,c8
cfee1796884a024a355000e44e50d9a84041b97db09a55620064bb14e6b24801,505e20,506020,505c20,6fa,434c78,20,60,574390,5743b8,c8
0a5ba7c51080da58ec4f6f24978f6c59aacc741e8b16c26a5217cef83719e20d,505ea0,5060a0,505ca0,6fa,434c58,20,60,574390,5743b8,c8
f9b7b8e8d69159ee2c3aadc70e6bf3b7dfd5df024cff9c330da2ff6b8a7159cd,505e60,506060,505c60,6fa,434c70,20,60,574390,5743b8,c8
40c695e24769e1a64e6bbf752fcca85d72e8848cb4500bb04f6261137e3f4773,505e60,506060,505c60,6fa,434c70,20,60,574390,5743b8,c8
16ab962cc9ee80ead31680b6d23be231469893636d69076d0dbcaaa7737bc985,cec460,cec260,cec060,87a,c19db8,20,60,cfc410,cfc440,c8
cd90bf259fb2e592eba93be145535fd7fefd0b8658c1782667e0d904ca2af1e9,505ea0,5060a0,505ca0,6fa,434cb8,20,60,574390,5743b8,c8
df5334c5a4f92994fd77fe735a89fa4113cb356aa2d7c56644a7eb170f5dcab9,505ea0,5060a0,505ca0,6fa,434c78,20,60,574390,5743b8,c8
a8459259081e0fdf98345bdc2fe71dcef78e74b405878389e11b0cdd51411406,505e60,506060,505c60,6fa,434c78,20,60,574390,5743b8,c8
5961b49dfbf2898f8fd1ea9b0f2ccc167a320671599809f748c6bb3ff700dd3e,cebfe0,cec3e0,cec1e0,87a,c19790,20,60,cfc410,cfc440,c8
e4fb7faf39fec89f84c22bc68d35b5fbfa4a8fa2d367905a1cb3ce6ffd8fdab9,cec020,cec420,cec220,87a,c19790,20,60,cfc410,cfc440,c8
b28e07c258cdd72678488909604950b88814e123d61f693e78831b6a59ad3b81,cec420,cec220,cec020,87a,c19758,20,60,cfc410,cfc440,c8
cccfda078a89d2adb3bd6e93f30a031b24fd37fbf2caf3d2a6bb39f2e790d13b,505ea0,5060a0,505ca0,6fa,434c58,20,60,574390,5743b8,c8
8453f9dcb8f86c04fc0ce1cf357018973939b4d7027bc87dc5d9c37c8601ad18,cec120,cebf20,cec320,87a,c197f8,20,60,cfb410,cfb440,c8
f5d3c66efb00f7c086220a862fc64d14b9950a7c6742b38e263984ebf2e431e8,cec320,cec120,cebf20,87a,c197c0,20,60,cfb410,cfb440,c8
4ffa3d9c8a12bf45c4de8540f42d460bc2f55320e63caac4fdfabbb384720b40,cec2e0,cec0e0,cebee0,87a,c197a0,20,60,cfb410,cfb440,c8
74c8ed223688bd121d4718b9919352695a3775657289b1715bd89a5e70364535,cec320,cec120,cebf20,87a,c197d0,20,60,cfb410,cfb440,c8
9ac67c83d7c5bf7d6a9d56adb65739f7fc3f03b15f963c5d6e636132e3756115,cec320,cec120,cebf20,87a,c197d0,20,60,cfb410,cfb440,c8
11dce42a13a49f025856414748b03e62db7c955d6894a3c36cb3776aa45be857,cec1a0,cebfa0,cec3a0,87a,c19790,20,60,cfc410,cfc440,c8
6d666f98ccf744c4a45b3847fdb67435661b8b785ee6d1f0c69ba90be09ec611,505ea0,5060a0,505ca0,6fa,434c78,20,60,574390,5743b8,c8
71a1454a1c75c5f3b691a5ef25ee9136fec8852049c1fd27a09e998e92b3d9a4,cec420,cec220,cec020,87a,c19758,20,60,cfc410,cfc440,c8
9aaff7ba5751dc696d765791f126459725d2b16ad5ee950ccdec6c73184d9e78,cec1a0,cec3a0,cebfa0,87a,c197a0,20,60,cfc410,cfc440,c8
7dd334edd7db7fc6f8c170f3338c92e2cf30a621cdf5b50727d210d8434974ee,cec4e0,cec2e0,cec0e0,87a,c197c0,20,60,cfc410,cfc440,c8
919599fa3c8e350791eb5cd79df4dfbe18fb9bb4c658acad740198efd498c476,cec1e0,cec3e0,cebfe0,87a,c197c0,20,60,cfc410,cfc440,c8
8a5e0683ea17f4c571356849692638e5fd45aaf8567efd72bca7a55892529b9f,cec4e0,cec2e0,cec0e0,87a,c197c0,20,60,cfc410,cfc440,c8
601033c74a9e1ca2fc16a6d43eacd395760d166a7d2523145752952f4796cd6b,cec1e0,cebfe0,cec3e0,87a,c19758,20,60,cfc410,cfc440,c8
979bee0df7c8d0a902f9f69cb358d56cee542c7240962f723a9461c43bc8edc2,cec4e0,cec2e0,cec0e0,87a,c197a0,20,60,cfc410,cfc440,c8
9e97e8170d44eeddd490c5121808d39b4de823d2013b0a2c445542b6bf4f9ba2,cebfa0,cec3a0,cec1a0,87a,c197a0,20,60,cfb410,cfb440,c8
a779978161299ccbb2df1616f7bb5f74d7aec2070e22d76825a03341be10676a,cec3e0,cec1e0,cebfe0,87a,c197f8,20,60,cfb410,cfb440,c8
011f8f6ae707ec32da9cde7695ad698df0ad656a6c2f26e08c3125240a4ef668,cec460,cec260,cec060,87a,c19dc8,20,60,cfc410,cfc440,c8
4d5b2985d212084004a46672f992fd08fa44062cd31571c280aab2681b8e386b,cec3e0,cec1e0,cebfe0,87a,c197f8,20,60,cfb410,cfb440,c8
ed402a1ba78cb8a91eb5f2330be4d80ea34770c27809e2b86c96ad353e47ee48,cec3a0,cec1a0,cebfa0,87a,c19770,20,60,cfc410,cfc440,c8
efbc7f3eb3cd767a1bd9fd82329461b66e98ffe4fa67d3937f59887ac1e8bf2d,cec260,cec060,cec460,87a,c19e08,20,60,cfc410,cfc440,c8
511a3c5c227a9460989a391f1da5e8704e0d2d3a6eaa7555ac6c1831f5390720,cebf60,cec360,cec160,87a,c19770,20,60,cfb410,cfb440,c8
346502c5443f161a564a3b718be980c4a8bf139ebb84821e8f61dbedc3e83d0b,cec3a0,cec1a0,cebfa0,87a,c19de8,20,60,cfc410,cfc440,c8
fb7c21547e82e9e930ca42b4cf1163fe0170dfded5bb898cfa22029c6bd18819,cec460,cec260,cec060,87a,c19de8,20,60,cfc410,cfc440,c8
8d8556f35e8003ea0beac15250d810071ec8ea01d38a18e763027a4aa53749a8,cec4a0,cec2a0,cec0a0,87a,c19810,20,60,cfc410,cfc440,c8
7eb83c81b9c6b54785087eaab5201ac7863d48f2974378c12bd2b9af55efb54f,cec020,cec220,cec420,87a,c19780,20,60,cfc410,cfc440,c8
a233ac9de36d60fe3d6bb4ff1c8444f81fcd26b26980f2cead7556651d8da84e,cec020,cec220,cec420,87a,c19780,20,60,cfc410,cfc440,c8
dfd78bdbcf5507d24c2602d0200b8f76356f8e98333f7d1f10bdf6f5ee691df1,cec460,cec260,cec060,87a,c19790,20,60,cfc410,cfc440,c8
cc9b3a6c057ca31d0886c8efb7965a4c47e2d80fd0185d9b9fa55c5dc1d0dc55,cec420,cec220,cec020,87a,c19d98,20,60,cfc410,cfc440,c8
4927b4528c1f18abf8fbfc364617845adc2e709d0a712f25c10c109564bb2f96,cec0a0,cec4a0,cec2a0,87a,c19da8,20,60,cfc410,cfc440,c8
6b24f3f5a13934418e879dbaf3a9ab5a8bd989cbd4509577499e3c7704af3f1b,cec0e0,cec4e0,cec2e0,87a,c19df8,20,60,cfc410,cfc440,c8
9392666e693572f12bc560cbdd4a6ca1ce5e95faeea1bd750a96e9ac7b944494,cec060,cec460,cec260,87a,c19dd8,20,60,cfc410,cfc440,c8
2c9299efa63e9ea31c8c3815f7e521046f1a69ec9623c11dd03fc9e154a65d83,cec3e0,cec1e0,cebfe0,87a,c19df8,20,60,cfc410,cfc440,c8
fc4864065d84ccb4c855f4c47afa318113c1ba81e105c2ca0a8a33b51fe72299,cec420,cec220,cec020,87a,c19790,20,60,cfc410,cfc440,c8
79e2a676786e5fdee9181c2ba7a71978e03a3639a302633279755fe2758ceb8c,cec020,cec420,cec220,87a,c197f8,20,60,cfc410,cfc440,c8
f801aee0d8e2bd0d2fbdb0f812d045771bd1e60f54cedd25ac85a881030ccbae,cec120,cec520,cec320,87a,c19de0,20,60,cfc410,cfc440,c8
54813e3be3d823aed202db6e68be8741f5bb55c39e83cf4452538ef7c94301f9,cec420,cec220,cec020,87a,c197f8,20,60,cfc410,cfc440,c8
3a9c2aab568d8f944d034a9c8981ad647855fd0a2f4bd596dccfa4295b2b854c,cec420,cec220,cec020,87a,c19818,20,60,cfc410,cfc440,c8
7e4a848626c99c715bd2c8686061420b8895e12ab8dfa0cce091f9df25750c13,cec1e0,cebfe0,cec3e0,87a,c19838,20,60,cfc410,cfc440,c8
bc4b64553cd9b81e2fd5e382fd4024d4eacc04417682c02b468900ea79883238,cec460,cec260,cec060,87a,c197d8,20,60,cfc410,cfc440,c8
15b43062b002432b89fa7f799cf2b3021a485e5e48fc38db62bda270b598f671,cec4a0,cec2a0,cec0a0,87a,c197b8,20,60,cfc410,cfc440,c8
ea520ed6590f042d9a12b29e9fba921683c15b1a8f73a7e865582619f4095893,cec120,cebf20,cec320,87a,c197d8,20,60,cfb410,cfb440,c8
223af7d155e647b4d1f357b6f68373e34f22c359f883a20f4b433de20a025f68,cec120,cebf20,cec320,87a,c19798,20,60,cfb410,cfb440,c8
e3a3fd9b9de67c744dc29a5c27e57a25b87511a6b5c602eee2ea5ecd9cb4baf5,cec3e0,cec1e0,cebfe0,87a,c197d8,20,60,cfc410,cfc440,c8
c95935ab90796a0707027d87ab3beb018a366df653d340f29283cb7066d9124e,cec060,cec260,cebe60,87a,c19858,20,60,cfb410,cfb440,c8
cae6d772ba15e89e3e8307cb775b2488a64a0460e2e081d388886162612a1fb2,cec460,cec260,cec060,87a,c19dc8,20,60,cfc410,cfc440,c8
9e026adf332650e4ba60db04a242683b0373d3a7751e49b8a1d0867315877484,cec0e0,cec4e0,cec2e0,87a,c19df0,20,60,cfc410,cfc440,c8
147901e279255564c99d1e1ce845794a7b175aee8a60027df77fbc8e667759b6,cec120,cec520,cec320,87a,c19e50,20,60,cfc410,cfc440,c8
a4a3762c9ee0424eb79cca8c61e0978c16f437c158f9ae2f528b84a80ab51851,cec320,cebf20,cec120,87a,c19898,20,60,cfb410,cfb440,c8
8c71d9df32fe8f63d4865e322eaaad6bf85ebd2b7e05fd3be4ec12b790fb6a85,cec3a0,cebfa0,cec1a0,87a,c19898,20,60,cfb410,cfb440,c8
9923b54ed79b57e1fd609b8226bac634d5167a1afcd0eb06bc79d1f1c274d496,cec320,cebf20,cec120,87a,c19898,20,60,cfb410,cfb440,c8
1878b3aef56db720fda0307fe88d4283849b08af6a7a97d42f3cc8b10081f61b,cec320,cebf20,cec120,87a,c198b8,20,60,cfb410,cfb440,c8
f230a92e50b065e6d6307b805369dd275adeec59efaa850cd66e575a31e4fb3a,cec160,cec360,cebf60,87a,c198b8,20,60,cfb410,cfb440,c8
652557b0a7d3f76e56a186fd0b6c864bc338c5c647c09be3f30cafcca4a96147,cec220,cec420,cec020,87a,c19918,20,60,cfc410,cfc440,c8
a577850d67d1b4df94e64b3309169e20f3850d4bfa54c40dc9f4f09722e2f5ea,cec3a0,cebfa0,cec1a0,87a,c19898,20,60,cfb410,cfb440,c8
ba2f70baa3597095c7bb6e0c8792bed0d692095fad1a324d7b419a9bb73bb2c7,cec420,cec020,cec220,87a,c19938,20,60,cfc410,cfc440,c8
ce707a4009b1d65b8d3f51e572fee8939150afb8fde557d0e5ba66db90f1e4ac,cec220,cec420,cec020,87a,c19978,20,60,cfc410,cfc440,c8
f83844e18605fea95ca284161845319fe5aeaaac368362442bdb4b599ca016ec,cec220,cec420,cec020,87a,c19978,20,60,cfc410,cfc440,c8
adba735e87f72021a87d10e67710f15b44486a0720711a324e03849da528834b,cec220,cec420,cec020,87a,c19978,20,60,cfc410,cfc440,c8
acec36b1c1a3665ca16349a928b36f2f90335e4d1d385f7239af2474d7ac25b9,cec3a0,cec1a0,cebfa0,87a,c198f8,20,60,cfb410,cfb440,c8
49e79b90fb6e85e1454c3c2a229c6f0ce1bf0ccc39837ce3f678928995d267ff,cec220,cec620,cec420,87a,c19998,20,60,cfc410,cfc440,c8
d0051bfdd4c3622d135b754a9df8b4f7a458e3072be8ac94e798b649758593bb,cec420,cec220,cec020,87a,c19918,20,60,cfc410,cfc440,c8
a1d919ea067bc879e51745e777eb1ed8d9be44d623f50976b59e79cb4d8bf1a3,cec1e0,cec5e0,cec3e0,87a,c19fa8,20,60,cfc410,cfc440,c8
22b84000410143adcdb7062d1cd22c1e0d09c92e0b8d24f084b698f56cd59465,cec1e0,cec5e0,cec3e0,87a,c19fa8,20,60,cfc410,cfc440,c8
c42d99a42dc1f6ce00f7c6d1283bb5ce7e901621c9987fc6bba42f797e5e1f23,cebfe0,cec3e0,cec1e0,87a,c198f8,20,60,cfb410,cfb440,c8
6ffeab8fc8855ac18a2f0dcc142fe164cfcd98660577432d6bcc7ec961811256,cec420,cec020,cec220,87a,c19938,20,60,cfc410,cfc440,c8
bac55981be595c6d170ffeb2a033e9e2883bb4b2ff6dc22dbcd540f6b3a2ced0,cec1e0,cec5e0,cec3e0,87a,c19fa8,20,60,cfc410,cfc440,c8
cfbd58c465439c25065cc153ebf99980eb03dc6edb731b444efb090e01d64da7,cec520,cec320,cec120,87a,c197b8,20,60,cfc410,cfc440,c8
604c6ebd45c71c6ceae0edb918c435362c1828a0d2665f250512b70d9681f21a,cec0e0,cebee0,cec2e0,87a,c19d38,20,60,cfb410,cfb440,c8
9a2db492037f6512821b5ba141aa9e7b294f9f9d1d85aa71e231608a4eef91da,cec3a0,cec1a0,cebfa0,87a,c198f8,20,60,cfb410,cfb440,c8
fd167e59573a944b4170e9e167861484a74d79d84c39202bc7d87890a85f175b,cec520,cec320,cec120,87a,c19950,20,60,cfc410,cfc440,c8
c9abc778e392e3c7568fed0efb0460b10732c7f290c09c6a8a96fd3e885720e9,cec360,cec160,cebf60,87a,c19d78,20,60,cfb410,cfb440,c8
c39f7344f953f74eec3368d2c8fefdadf740c3c8f9bbd634b5c6f922380f9a9d,cf6300,cf6100,cf5f00,87a,c163d0,20,60,d06890,d068c0,c8
e132c6085be791c5ab306029e17dd5f19eb8b7b1714a993bdf72580bb0daea61,cf63c0,cf61c0,cf5fc0,87a,c163e0,20,60,d06890,d068c0,c8
1ecf6655ae5a8d8d309a5b6f0b95f74907df03cab846d88114ca43fa3f7c0c44,cec5e0,cec3e0,cec1e0,87a,c199d0,20,60,cfc410,cfc440,c8
3cfe8bdabc19d9a583551faaa622c2d95f7ffa02ff1c73ee03f6fc483d186bed,cf63c0,cf61c0,cf5fc0,87a,c16398,20,60,d06890,d068c0,c8
213f1b487e7a638d0a5f58675b899439149ab8ce5cd9f8dedf26dc16203efd0a,cec660,cec460,cec260,87a,c19fa8,20,60,cfc410,cfc440,c8
2db528ed2334328f9323c44a564ca13a7fc8a197b82b4546699b83d34c38a064,cf6340,cf6140,cf5f40,87a,c16398,20,60,d06890,d068c0,c8
1624313da08dab9efd056740ed9c8dfdee35d086210225ee1cb953815f73ee4b,cf6000,cf6200,cf6400,87a,c15d78,20,60,d06890,d068c0,c8
95abe0e67283164ab779e52f21109d1dc6194dcd420483b4b93a31d7f7b5ef49,cf6100,cf6300,cf5f00,87a,c15db8,20,60,d06890,d068c0,c8
2519d314ac36ef92e0e2b0ff75e6e528be8098f226eb222a49fa2d2edab91caa,cf5f40,cf6140,cf6340,87a,c15d58,20,60,d06890,d068c0,c8
db10f8f37d6cf91ef88921ec5a66377c59604c35687e122729f0a82360b562cc,cf5fc0,cf61c0,cf5dc0,87a,c15cd8,20,60,d06890,d068c0,c8
5ef98625c968578012b8539ccfc896921a726b1c95480ccba84e5ee937ca190c,cf5f80,cf6180,cf6380,87a,c163f8,20,60,d06890,d068c0,c8
2ab00139679bb2181e54ae29198476e28eba43fe42b5fa593ac1a6e661b03e55,cf5fc0,cf61c0,cf63c0,87a,c163d8,20,60,d06890,d068c0,c8
1587c08577a5e402d789ce8a88d11e33466d9ae0f6ab086f2beba1d2f2330f5b,cf6200,cf6400,cf6000,87a,c163f8,20,60,d06890,d068c0,c8
7a0279cedfaeea39ff49b9e215cd82bb639fdde8288761a4d944b4191ad96486,cf62c0,cf64c0,cf60c0,87a,c163b8,20,60,d06890,d068c0,c8
c81a59ef67e0ba077f1df6ca871902ed419b83271cd6b5c73a9532815d9e6f48,cf5f80,cf6180,cf6380,87a,c16408,20,60,d06890,d068c0,c8
66b99e6127876245e25e004ab66928934f0f18d3a2011f5f359686a60d1ca924,cf5f40,cf5d40,cf6140,87a,c15d20,20,60,d06890,d068c0,c8
77761ae0821caa94c42d5a4cf9d18126a729ef1acc6c1fd7a137e89b076d9f65,cf5f00,cf5d00,cf6100,87a,c163d0,20,60,d06890,d068c0,c8
e1aa98d073b336d65cb1d8749700231e354b016beda3708593c6a256dce2387e,cf5f00,cf5d00,cf6100,87a,c163d0,20,60,d06890,d068c0,c8
bf5eb744965fccf144fd1d6bd5de24e0230a6d439d135df85d4abdd944221a15,cf5e00,cf6200,cf6000,87a,c15d40,20,60,d06890,d068c0,c8
e294e7a9a3c97a6baf468b91db9c974a1f16c7cbcd63ef8d9e65c9ed5f0c673f,cf5f40,cf5d40,cf6140,87a,c15d20,20,60,d06890,d068c0,c8
6999347714248d872f0dda54a31454626a9f2149f165407b7445c0293ce68411,cf5dc0,cf61c0,cf5fc0,87a,c163b8,20,60,d06890,d068c0,c8
ba45169d655b60ba5df068dc76bf9f9753dd1d950a0326ba11ae9bcd61137df4,cf5e00,cf6200,cf6000,87a,c16398,20,60,d06890,d068c0,c8
35d6497adc41f631ce34fd237900bfde69de0c92ebf8e727a27b934d4ee4c730,cf5e00,cf6200,cf6000,87a,c15d40,20,60,d06890,d068c0,c8
10fa51f72f7ae6a23e79eba30dc126007b2fcb06e963fa0bf1e988664cdb6c54,cf6140,cf6340,cf5f40,87a,c15d38,20,60,d06890,d068c0,c8
21e850f88c93ee105263d59ac082f0f32f99a02af11a81f6fbd2759001639d46,cf6300,cf5f00,cf6100,87a,c15d58,20,60,d06890,d068c0,c8
3af36dd653f5152980f23979f4127f36aa400298d404eb675f1e59c75f62bf84,cf62c0,cf60c0,cf5ec0,87a,c163d8,20,60,d06890,d068c0,c8
26e2b69967bd85acf37360d6a307e8c3107c032a00df79cd54476df9454ff008,cf6180,cf5f80,cf5d80,87a,c163b8,20,60,d06890,d068c0,c8
02b7dcd938a84dfa6163974650e17fe12752ec665f46b046cba7ac2c3d80b19d,cf62c0,cf60c0,cf5ec0,87a,c163c0,20,60,d06890,d068c0,c8
e67084679de1a56ed5cc7eb04fa0a4897cda6c35899890c9a2ded071fcccd428,cf6180,cf5f80,cf5d80,87a,c163b8,20,60,d06890,d068c0,c8
efdb03fea529d366c31065d7ac8a1a1f41f91de4ab7fe966788016e6c2dd5b9c,cf6300,cf6100,cf5f00,87a,c163d8,20,60,d06890,d068c0,c8
cd9c68338e86f1f6fdfa166ea9e8f5b3f37372dcd62bf0a4ddd46377dddbf31b,cf6300,cf6100,cf5f00,87a,c16438,20,60,d06890,d068c0,c8
a5f7ffeb3cb0ef428ef0e49368763d864b60035b24088e13ad16d8c12e0d87b7,cf6440,cf6240,cf6040,87a,c15d50,20,60,d06890,d068c0,c8
c36f61a0c5e27dabadd424e5420b68a0a32284ceba305d740e7714bf0441b096,cf6380,cf6180,cf5f80,87a,c163a8,20,60,d06890,d068c0,c8
abd61195df8b9d7a80881d54f0a1e8bfa0ef29acf1cdb5a293dd13ea3be25bb5,cf6340,cf6140,cf5f40,87a,c15d78,20,60,d06890,d068c0,c8
b8b5725dfc472528f9c003328d2320da03ad7f0eb409d53a8bcec1ceca969aa8,cf62c0,cf5ec0,cf60c0,87a,c15d78,20,60,d06890,d068c0,c8
630fc0bab7d7a2adaff35879d72057fc8678fc1673e4b380bb602d11c11e2430,cf6140,cf6340,cf5f40,87a,c15d58,20,60,d06890,d068c0,c8
4817467a924915967039dcfcad9637ca545fa5480aa785d3211cbf55bae020f9,cf63c0,cf61c0,cf5fc0,87a,c15d78,20,60,d06890,d068c0,c8
7d17ecac9aae8e222fd54741a1f17ff8809eaf67dab630094879adba002317ee,d0c060,d0c260,d0c460,87a,c317b8,20,60,d1da18,d1da40,c8
1b30d5f89790f8ee0d80d2ed29d1177dd3f58042a89e9efee9be17a4660c7d58,d0c5a0,d0c1a0,d0c3a0,87a,c31f98,20,60,d1da18,d1da40,c8
e71f2fbce0928fc02646985e8072214389247d69632b5a661f9fca49367ac346,d0c5e0,d0c1e0,d0c3e0,87a,c31fc0,20,60,d1da18,d1da40,c8
35c9d3384ab1858b5460415ce752daa884dfd73eb25c02755909cd82a130103f,d0c620,d0c220,d0c420,87a,c32020,20,60,d1da18,d1da40,c8
945b23dbe1c67bb89dd9ed1428d1779d31857c92803696642de5bb921c0cc9f8,d0bb60,d0bd60,d0bf60,87a,c317f8,20,60,d1da18,d1da40,c8
f70a89c1f806ed10ba1ffb64a8d0734c746ed33951557866c50b207b74899fca,d0bbe0,d0bde0,d0bfe0,87a,c31f90,20,60,d1da18,d1da40,c8
87b093efcd5052320585b0f42c755ae9ccf7674b03494adcebb98bff110d9601,d0bd20,d0bf20,d0c120,87a,c31fb0,20,60,d1da18,d1da40,c8
0b80914bff91675f85551b009d0cc68fd6c89616914e4d4a0da9003a6d16fe62,d0bc20,d0be20,d0c020,87a,c31f70,20,60,d1da18,d1da40,c8
478e44011b464f8aa5b37128d203fd44b12f43f155583647b9b72029c918d32e,d0bc20,d0be20,d0c020,87a,c31f70,20,60,d1da18,d1da40,c8
1176773ef3c51974e8a73cf0cb6062fd8ec1e02e8a345b5da61c89933370e89c,cf6440,cf6240,cf6040,87a,c15d50,20,60,d06890,d068c0,c8
35eb6f97a2cc007101e80a436fb11eb43803f813bbcf55e7d8ee91c8cac9169c,d0bae0,d0bce0,d0bee0,87a,c31f40,20,60,d1da18,d1da40,c8
b1ea45275fb3c5f522add838584d718517e11cc05bf04b7ad4da063ac0805e48,d0c5e0,d0c1e0,d0c3e0,87a,c31818,20,60,d1da18,d1da40,c8
09ba0359ba3e8ec909295582833b625dcc9af201b637e870a88e062a4a742dd0,d0bde0,d0bfe0,d0bbe0,87a,c31f20,20,60,d1da18,d1da40,c8
2104395fbf7e239a881ae89cc39884424976772e0d389644a063f84e7e9d04d0,d0c160,d0c360,d0c560,87a,c317b8,20,60,d1da18,d1da40,c8
7c9792b097a33fcfc1ac21ce039a3f084482845ebd26c28d4f59e65aa8b99e60,d0c0e0,d0c2e0,d0c4e0,87a,c317b8,20,60,d1da18,d1da40,c8
140ae8fda7efff8039514b89f571e6ae27e2c634881e3d3e1dc4b4e37ddbd6c8,d0c5a0,d0c1a0,d0c3a0,87a,c31f98,20,60,d1da18,d1da40,c8
c246397fd3c0446e58b4be2e487b852e0f963c76d1453e00a4e1e8dabebc56ab,d0c0a0,d0c2a0,d0c4a0,87a,c317f8,20,60,d1da18,d1da40,c8
